Ticker,Name,Sector,Country,Exchange,Market Cap,Last Price,Total Return (YTD),Total Return (6M),Total Return (1Y),Total Return (3Y),Total Return (5Y),Total Return (10Y),CAGR Total Return (3Y),CAGR Total Return (5Y),CAGR Total Return (10Y),SMA (100D),SMA (150D),SMA (200D),SMA (250D),SMA (300D),Volatility (1Y),Volatility (6M),Buyback Yield (LTM),Div Yield (TTM),Total Revenues/CAGR (1Y FY),Total Revenues/CAGR (2Y FY),Total Revenues/CAGR (3Y FY),Total Revenues/CAGR (5Y FY),Total Revenues/CAGR (7Y FY),Total Revenues/CAGR (10Y FY),EBIT/CAGR (1Y FY),EBIT/CAGR (2Y FY),EBIT/CAGR (3Y FY),EBIT/CAGR (5Y FY),EBIT/CAGR (7Y FY),EBIT/CAGR (10Y FY),Gross Profit/CAGR (1Y FY),Gross Profit/CAGR (2Y FY),Gross Profit/CAGR (3Y FY),Gross Profit/CAGR (5Y FY),Gross Profit/CAGR (7Y FY),Gross Profit/CAGR (10Y FY),Net Income/CAGR (1Y FY),Net Income/CAGR (2Y FY),Net Income/CAGR (3Y FY),Net Income/CAGR (5Y FY),Net Income/CAGR (7Y FY),Net Income/CAGR (10Y FY),Total Equity/CAGR (1Y FY),Total Equity/CAGR (2Y FY),Total Equity/CAGR (3Y FY),Total Equity/CAGR (5Y FY),Total Equity/CAGR (7Y FY),Total Equity/CAGR (10Y FY),Tangible Book Value/CAGR (1Y FY),Tangible Book Value/CAGR (2Y FY),Tangible Book Value/CAGR (3Y FY),Tangible Book Value/CAGR (5Y FY),Tangible Book Value/CAGR (7Y FY),Tangible Book Value/CAGR (10Y FY)
A,Agilent Technologies Inc.,Health Care,United States,NYSE,36594.72,122.51,-22.91,-15.32,-17.20,69.45,113.58,393.58,19.18,16.36,17.28,126.22,133.26,139.21,144.05,143.36,29.12,35.41,2.57,0.67,18.36,10.63,8.74,8.50,6.57,-0.46,34.35,16.02,13.08,15.00,18.86,2.74,20.09,10.21,8.33,9.17,8.09,-0.35,68.29,6.29,56.45,21.24,11.95,1.80,,,,,,,-1.59,200.35,-26.78,-19.86,-20.43,-15.42
AAMC,Altisource Asset Management Corporation,Real Estate,United States,NYSEAM,21.64,10.50,-55.47,-41.34,-41.11,-23.91,-88.71,,-8.69,-35.31,,14.35,17.10,17.14,17.29,18.14,82.76,76.42,0.00,,,,,,,,-18.65,-1.35,36.17,31.01,-33.46,,-52.95,-29.59,29.80,25.56,-43.59,,-115.08,51.58,-17.97,4.00,-27.97,,,,,,,,-54.06,-39.33,-28.25,-16.83,-11.30,
ACU,Acme United Corporation,Industrials,United States,NYSEAM,110.55,31.40,-5.67,-4.13,-24.01,51.97,22.46,270.02,14.94,4.13,13.96,32.82,32.86,33.42,34.73,36.23,34.88,28.67,-1.30,1.69,11.03,13.06,9.86,7.89,7.86,9.53,11.89,23.08,19.64,8.63,8.12,11.22,8.73,11.63,8.56,7.30,7.85,9.43,68.61,57.38,43.74,18.47,16.15,17.12,,,,,,,40.45,25.03,21.63,14.33,11.62,8.44
ADRA,Adara Acquisition Corp.,Financials,United States,NYSEAM,142.46,9.91,1.23,1.02,2.48,,,,,,,9.86,9.84,9.82,9.80,,4.14,3.12,2.89,,,,,,,,7332.89,,,,,,,,,,,,-24785.79,,,,,,,,,,,,-22468.31,,,,,
ADRT,Ault Disruptive Technologies Corporation,Financials,United States,NYSEAM,143.89,10.01,,,,,,,,,,,,,,,2.97,2.97,-93.51,,,,,,,,,,,,,,,,,,,,,,,,,,,,,,,,,,,,,
AE,Adams Resources & Energy Inc.,Energy,United States,NYSEAM,139.60,31.96,16.51,10.66,19.61,6.99,-11.31,-3.85,2.27,-2.37,-0.39,35.24,33.20,32.49,31.67,31.00,36.29,41.89,-2.03,3.00,98.08,5.74,4.98,12.99,-9.69,-3.98,-396.66,43.93,171.44,21.70,12.80,-6.69,114.87,19.73,33.23,6.90,0.43,-1.34,1094.77,20.35,59.22,36.45,8.95,-6.36,,,,,,,8.33,2.31,2.33,0.75,-0.04,3.56
AEF,Abrdn Emerging Markets Equity Income Fund Inc,,,NYSEAM,283.70,5.59,-26.48,-26.57,-31.39,-11.02,11.39,-18.01,-3.81,2.18,-1.96,6.17,6.74,7.13,7.45,7.69,25.82,31.64,,,,,,,,,,,,,,,,,,,,,,,,,,,,,,,,,,,,,,
AGE,AgeX Therapeutics Inc.,Health Care,United States,NYSEAM,28.17,0.74,-31.89,-32.51,-51.16,-77.23,,,-38.88,,,0.76,0.76,0.78,0.86,0.95,118.15,96.92,,,-60.11,-71.13,-53.10,-38.72,,,-20.41,-19.99,-8.36,-8.80,,,-62.69,-70.98,-50.52,-37.98,,,-20.16,-15.52,4.96,-10.95,,,,,,,,,89.36,1276.89,38.92,-13.16,,
AIM,AIM ImmunoTech Inc.,Health Care,United States,NYSEAM,38.82,0.81,-12.18,-11.83,-60.20,-79.55,-96.43,-99.43,-41.02,-48.61,-40.35,0.92,0.94,1.14,1.32,1.45,69.51,83.82,-0.40,,-17.18,-1.80,-28.35,7.97,-5.26,-1.75,14.81,17.09,14.20,5.88,-1.27,1.89,11.20,-2.56,11.41,-6.79,-5.39,-2.08,32.83,42.62,24.86,20.59,1.32,7.81,,,,,,,-8.25,116.95,133.40,29.94,12.24,3.86
AINC,Ashford Inc.,Financials,United States,NYSEAM,44.13,14.20,-14.71,-23.78,-32.12,-48.21,-71.51,,-19.66,-22.17,,16.48,16.63,17.17,17.00,17.19,67.10,61.46,0.54,,33.98,-6.39,6.15,21.71,39.99,,-87.95,-30.19,33.91,6.74,-31.12,-20.27,66.48,11.74,22.61,36.92,8.79,8.99,-95.33,-15.36,-0.85,32.88,-19.78,-11.27,,,,,,,3.07,3.04,42.62,70.83,72.47,
AIRI,Air Industries Group,Industrials,United States,NYSEAM,21.93,0.68,-25.02,-25.54,-48.48,-33.32,-51.42,-87.18,-12.62,-13.43,-18.51,0.78,0.82,0.88,0.94,0.99,47.13,49.83,,,17.65,3.92,9.80,2.81,-1.24,0.93,-272.83,103.09,-4.66,-24.50,2.18,-5.50,57.45,5.90,23.49,19.15,-4.45,-0.64,48.45,-22.83,-47.10,-36.39,13.59,-3.18,,,,,,,15.25,30.97,14.61,-0.82,-0.88,20.06
AMPE,Ampio Pharmaceuticals Inc.,Health Care,United States,NYSEAM,41.46,0.1825,-67.98,-65.30,-88.73,-57.70,-64.90,-95.20,-24.89,-18.87,-26.16,0.312,0.408,0.68,0.85,1.00,110.37,123.54,-72.75,,,,,,,,29.92,5.23,22.52,3.79,-5.88,6.33,,,,,,,7.43,11.93,-20.50,-2.28,-10.84,-0.72,,,,,,,55.80,105.78,73.37,32.69,-10.20,4.67
AMS,American Shared Hospital Services,Health Care,United States,NYSEAM,13.80,2.27,-4.22,-1.30,-20.35,-22.26,-42.53,-25.08,-8.04,-10.47,-2.84,2.31,2.32,2.44,2.50,2.57,40.41,36.06,-0.04,,-1.17,-7.51,-3.66,-1.17,1.93,-2.29,10875.00,-12.39,-14.34,-15.16,4.17,-5.72,2.91,-9.88,-6.64,-5.11,0.16,-1.96,-102.75,-45.74,-42.55,-26.91,-20.33,-9.14,,,,,,,3.45,-15.59,-9.59,-2.90,-2.04,-0.85
AREN,The Arena Group Holdings Inc.,Communication Services,United States,NYSEAM,178.07,10.11,-28.20,-29.30,-34.35,-37.05,-68.31,,-14.27,-20.50,,10.08,11.11,11.11,11.58,12.49,135.35,122.61,-28.89,,47.73,88.30,221.34,,,,5.98,36.03,78.04,70.33,,,192.37,263.78,245.34,,,,0.79,52.84,51.11,76.50,,,,,,,,,19.63,-4.26,53.48,183.53,,
ARMP,Armata Pharmaceuticals Inc.,Health Care,United States,NYSEAM,126.39,3.50,-36.13,-41.08,-13.58,-5.41,,,-1.83,,,4.48,4.74,4.49,4.35,4.31,83.75,86.67,-40.80,,443.62,,,,,,10.35,15.08,29.81,,,,14.10,36.64,,,,,4.39,9.03,11.50,,,,,,,,,,42.56,40.47,41.73,,,
ASXC,Asensus Surgical Inc.,Health Care,United States,NYSEAM,106.41,0.450,-59.46,-52.41,-82.76,-97.30,-94.98,,-69.92,-44.97,,0.51,0.68,0.94,1.20,1.43,84.56,87.55,-1.66,,159.28,-1.77,-30.10,40.21,53.99,17.60,16.90,-11.42,0.94,3.49,8.83,14.53,43.85,-22.76,-28.79,44.79,22.45,3.98,5.31,-36.35,0.37,-12.24,7.50,13.88,,,,,,,305.46,143.22,48.49,67.51,29.77,10.76
ATNM,Actinium Pharmaceuticals Inc.,Health Care,United States,NYSEAM,124.16,5.22,-13.14,-15.12,-27.60,-27.20,-82.77,,-10.02,-29.61,,5.43,5.61,6.22,6.30,6.55,64.64,64.00,-16.87,,,,,,,,11.48,6.35,1.57,-1.44,1.51,22.49,,,,,,,11.52,6.36,1.55,0.37,0.05,21.81,,,,,,,19.94,260.98,102.84,32.50,68.31,53.82
AUMN,Golden Minerals Company,Materials,United States,NYSEAM,55.74,0.340,-2.66,0.65,-39.01,19.84,-34.64,-93.35,6.21,-8.14,-23.71,0.444,0.419,0.428,0.442,0.485,63.52,72.07,,,354.07,81.97,52.50,31.95,95.44,30.15,-99.03,-89.24,-75.79,-58.62,-55.24,-49.38,294.03,89.04,48.30,25.44,8.28,-9.60,-76.94,-37.63,2.51,-27.77,-26.92,-28.81,,,,,,,18.48,59.14,24.39,11.15,-11.26,-25.45
AUST,Austin Gold Corp.,Materials,Canada,NYSEAM,22.69,1.71,,,,,,,,,,,,,,,141.72,141.72,,,,,,,,,-87.94,,,,,,,,,,,,-83.81,,,,,,,,,,,,-13.05,,,,,
AWX,Avalon Holdings Corporation,Industrials,United States,NYSEAM,10.22,2.62,-27.42,-30.32,-40.59,7.38,3.56,-29.23,2.40,0.70,-3.39,3.19,3.31,3.48,3.68,3.76,49.95,47.24,-0.42,,19.86,1.47,4.19,2.78,4.57,2.69,352.42,105.38,-0.12,24.71,-11.27,21.81,15.77,5.89,2.89,4.58,6.39,4.17,13978.57,108.13,19.88,95.51,8.97,9.77,,,,,,,5.33,2.72,1.39,0.17,-0.13,-0.22
B,Barnes Group Inc.,Industrials,United States,NYSE,1559.00,30.75,-33.46,-35.34,-36.45,-41.61,-44.86,50.20,-16.39,-11.21,4.15,37.33,40.28,41.03,42.38,44.03,29.82,32.07,0.33,2.08,11.96,-8.12,-5.59,0.45,-0.04,3.82,6.73,-21.22,-13.86,-4.98,-2.97,4.01,12.86,-8.79,-5.10,0.58,0.55,6.18,57.59,-20.58,-15.61,-5.93,-2.40,4.43,,,,,,,-86.09,-66.80,-58.98,16.22,-4.79,-10.80
BATL,Battalion Oil Corporation,Energy,United States,NYSEAM,134.78,8.25,-15.82,-18.96,-30.90,,,,,,,16.24,14.92,13.86,13.33,13.26,81.76,95.25,,,92.33,12.67,7.97,-7.46,-18.04,10.55,315.95,-54.59,-32.75,-26.57,-39.35,-1.18,282.30,22.60,10.16,-5.37,-20.29,10.67,-87.67,-84.42,-14.91,-42.92,-29.15,35.05,,,,,,,-29.18,-55.15,-62.39,-10.78,-37.82,43.84
BCV,Bancroft Fund Ltd.,,,NYSEAM,108.48,18.48,-27.75,-25.99,-33.48,12.31,39.91,145.12,3.94,6.94,9.37,20.51,22.00,24.03,25.46,26.42,20.67,23.94,,,,,,,,,,,,,,,,,,,,,,,,,,,,,,,,,,,,,,
BDL,Flanigan's Enterprises Inc.,Consumer Discretionary,United States,NYSEAM,55.65,29.94,-0.14,-0.39,-12.89,36.95,5.95,304.29,11.03,1.16,14.97,33.42,32.62,31.64,31.02,30.80,49.50,51.51,,3.34,21.42,8.70,6.55,5.80,6.26,6.63,197.15,17.03,5.13,4.93,4.13,10.71,26.16,3.18,1.79,2.85,3.67,5.09,961.62,79.73,47.43,31.12,23.01,23.32,,,,,,,29.88,15.63,13.39,11.92,12.02,11.72
BHB,Bar Harbor Bankshares,Financials,United States,NYSEAM,394.53,26.28,-7.49,-14.30,-1.07,13.67,2.47,129.25,4.35,0.49,8.64,27.34,28.15,28.51,28.31,28.43,29.05,30.25,-0.10,3.73,1.62,9.11,6.14,19.69,,,,,,,,,,,,,,,18.21,31.81,6.06,21.35,,,4.20,3.44,4.60,22.03,16.42,13.62,6.44,5.22,4.24,14.49,11.30,9.98
BKTI,BK Technologies Corporation,Information Technology,United States,NYSEAM,41.32,2.45,4.07,-14.72,-16.95,-35.16,-27.85,87.53,-13.42,-6.31,6.48,2.45,2.41,2.50,2.62,2.78,67.77,78.62,-27.98,4.08,2.78,6.36,-2.79,-2.20,5.60,6.53,-220.32,-47.77,-20.99,-22.53,-10.14,6.24,-9.81,1.93,-6.63,-0.97,3.04,4.84,-976.80,-19.67,105.85,-8.75,0.67,13.18,,,,,,,38.05,18.38,5.58,-1.83,0.06,2.58
BLTE,Belite Bio Inc,Health Care,United States,NasdaqCM,1068.80,42.98,,,,,,,,,,,,,,,147.34,147.34,-0.02,,,,,,,,70.59,,,,,,,,,,,,68.02,,,,,,,,,,,,114.48,,,,,
BMTX,BM Technologies Inc.,Information Technology,United States,NYSEAM,72.05,5.87,-36.26,-36.47,-50.96,-41.71,,,-16.44,,,7.60,8.28,8.68,8.96,9.46,53.24,46.47,-0.02,,42.97,14.62,18.20,,,,-156.99,-10.79,-18.24,,,,78.23,21.16,36.44,,,,-239.54,47.22,5.29,,,,,,,,,,-97.59,-84.80,-57.73,,,
BNOX,Bionomics Limited,Health Care,Australia,NasdaqGM,55.63,7.65,-39.04,-33.77,,,,,,,,,,,,,93.75,100.23,-89.02,,-68.98,-64.50,-57.25,-45.46,-38.21,-13.88,37.27,-9.86,-24.68,-8.59,12.16,2.43,70.48,0.72,-28.75,-2.69,-8.78,-0.26,22.18,-8.38,-29.75,-12.12,15.32,-0.73,,,,,,,-311.19,66.25,40.73,10.03,3.31,2.58
BRBS,Blue Ridge Bankshares Inc.,Financials,United States,NYSEAM,278.32,14.83,-15.88,-17.04,-12.53,18.15,73.17,362.39,5.58,11.59,16.51,15.10,16.02,16.56,16.72,16.80,22.42,21.20,-0.29,3.25,98.41,116.64,90.25,72.17,,,,,,,,,,,,,,,196.55,238.49,125.77,137.89,,,156.14,73.25,91.25,52.48,41.18,31.86,182.54,88.12,89.88,51.47,38.98,34.64
BRG,Bluerock Residential Growth REIT Inc.,Real Estate,United States,NYSEAM,1084.69,26.38,1.21,1.17,166.19,161.59,188.15,,37.71,23.53,,26.45,25.58,22.65,20.46,18.68,81.15,9.31,10.02,2.46,0.70,2.90,6.07,20.14,33.11,123.85,47.12,-4.59,1.92,32.11,49.98,26.80,13.50,3.73,7.09,25.83,42.15,80.77,199.32,57.99,330.19,84.17,50.80,35.75,,,,,,,-230.95,-49.01,-45.18,-38.76,-23.17,43.73
BRN,Barnwell Industries Inc.,Energy,United States,NYSEAM,23.70,2.38,-18.21,-16.20,-3.25,138.00,34.46,-22.98,33.44,6.09,-2.57,2.80,2.76,2.74,2.67,2.72,83.42,99.29,-23.36,,-1.28,22.48,24.58,5.86,-6.05,-7.25,3.33,-44.52,-21.82,-17.71,30.91,-3.05,0.30,78.25,24.84,15.84,-11.49,-12.64,-231.48,-29.03,52.30,11.58,37.53,49.92,,,,,,,-564.50,178.01,-16.00,-6.39,-9.56,-12.77
BTN,Ballantyne Strong Inc,Communication Services,United States,NYSEAM,47.17,2.45,-15.22,-16.38,-46.85,-25.76,-63.70,-57.69,-9.43,-18.32,-8.23,2.88,2.90,2.96,3.08,3.38,45.89,43.02,0.14,,25.72,-14.84,-25.24,-18.73,-14.83,-17.47,-24.36,37.63,-15.18,3.20,18.93,-11.20,16.44,-28.89,-19.73,-21.52,-13.29,-14.51,-5269.16,33.24,13.32,113.12,232.41,5.66,,,,,,,98.90,45.55,21.86,4.11,-2.96,-2.03
BTTR,Better Choice Company Inc.,Consumer Staples,United States,NYSEAM,58.44,1.99,-38.39,-33.22,-53.61,-94.11,,,-61.03,,,2.49,2.65,2.95,3.11,3.80,76.33,90.80,-59.65,,8.02,71.86,45.99,,,,-34.60,-29.27,49.63,,,,-9.63,61.94,28.19,,,,-105.71,-86.45,-17.47,,,,,,,,,,-146.26,-17.16,108.71,,,
C,Citigroup Inc.,Financials,United States,NYSE,90920.72,46.82,-21.06,-27.52,-27.50,-27.08,-20.17,109.80,-9.98,-4.40,7.68,52.47,56.18,59.47,61.56,63.62,27.85,31.87,10.24,4.36,25.88,5.91,4.61,3.20,,,,,,,,,,,,,,,98.71,6.37,6.75,8.04,,,1.23,2.22,0.94,-2.17,-0.62,1.22,2.74,2.91,1.42,-2.53,-1.21,0.80
CCF,Chase Corporation,Materials,United States,NYSEAM,730.99,77.59,-22.07,-21.55,-26.52,-24.81,-23.70,556.03,-9.05,-5.26,20.66,84.10,88.74,92.38,96.49,98.29,26.10,24.25,0.04,1.29,12.32,2.11,1.06,4.26,3.93,9.08,36.22,13.91,2.30,4.75,7.98,14.53,19.22,8.30,2.52,4.85,6.02,10.76,31.51,17.19,1.35,6.49,7.75,15.18,,,,,,,11.34,20.88,27.29,16.26,15.89,13.22
CEI,Camber Energy Inc.,Energy,United States,NYSEAM,178.31,0.405,-52.35,-50.88,-26.64,-99.60,-100.00,,-84.09,-92.64,,0.70,0.73,0.95,0.90,0.86,190.50,150.96,,,67.38,,-57.85,,,,-18.98,,0.46,,,,2747.32,,-62.12,,,,182.71,,-54.11,,,,,,,,,,-29.75,22.46,56.40,,,
CET,Central Securities Corp.,,,NYSEAM,962.78,35.31,-20.37,-19.36,-8.16,39.34,84.66,256.02,11.67,13.03,13.52,38.80,39.87,40.61,40.95,41.00,17.54,21.35,,,,,,,,,,,,,,,,,,,,,,,,,,,,,,,,,,,,,,
CEV,Eaton Vance California Municipal Income Trust,,,NYSEAM,76.33,10.70,-18.73,-19.50,-19.38,-1.72,6.41,24.59,-0.58,1.25,2.22,11.09,11.81,12.29,12.64,12.82,12.81,14.03,,,,,,,,,,,,,,,,,,,,,,,,,,,,,,,,,,,,,,
CIK,Credit Suisse Asset Management Income Fund Inc.,,,NYSEAM,141.32,2.70,-17.61,-17.61,-14.83,10.56,21.97,58.24,3.40,4.05,4.69,2.90,3.06,3.16,3.22,3.27,14.99,18.07,,,,,,,,,,,,,,,,,,,,,,,,,,,,,,,,,,,,,,
CIX,CompX International Inc.,Industrials,United States,NYSEAM,278.81,22.52,2.51,2.51,14.54,54.81,77.58,98.78,15.65,12.15,7.10,22.54,22.47,22.33,22.11,22.08,37.69,38.19,0.20,4.00,22.94,6.46,6.00,5.27,4.45,5.84,73.70,7.79,4.84,5.68,6.05,10.52,30.14,4.75,3.76,3.98,4.11,5.90,60.50,1.77,2.63,9.64,9.71,8.00,,,,,,,3.77,3.86,5.88,7.92,7.98,11.91
CKX,CKX Lands Inc.,Real Estate,United States,NYSEAM,21.56,11.10,-0.89,-3.48,-10.15,12.41,-2.34,-16.08,3.95,-0.47,-1.74,11.43,11.50,11.77,11.61,11.26,57.87,63.72,,,10.80,-4.20,-14.58,-2.92,-16.45,-9.34,53.52,-41.75,-57.42,-27.48,-42.94,-29.90,9.36,-2.79,-13.35,-0.15,-16.47,-9.10,141.42,81.06,-9.76,36.85,-6.22,-1.49,,,,,,,5.19,3.68,3.00,3.49,2.96,4.53
CLM,Cornerstone Strategic Value Fund Inc.,,,NYSEAM,1121.78,9.31,-29.07,-29.27,-7.97,35.64,48.29,121.74,10.67,8.18,8.28,11.75,12.53,12.80,12.72,12.53,34.72,46.26,,,,,,,,,,,,,,,,,,,,,,,,,,,,,,,,,,,,,,
CMT,Core Molding Technologies Inc.,Materials,United States,NYSEAM,80.23,9.22,8.34,6.34,-43.92,30.97,-56.76,13.68,9.39,-15.42,1.29,9.88,9.43,9.76,10.61,11.20,40.10,42.83,0.06,,38.28,4.00,4.50,11.95,8.37,7.92,25.35,21.04,171.78,-0.66,-4.01,-4.23,19.93,38.65,15.06,8.18,4.60,3.30,-42.79,-44.61,-0.78,-8.82,-9.82,-7.80,,,,,,,12.47,16.84,5.65,-4.85,-0.37,4.09
COHN,Cohen & Company Inc.,Financials,United States,NYSEAM,44.88,10.61,-22.90,-19.93,-56.66,159.40,19.71,87.29,37.32,3.66,6.47,14.63,14.86,15.94,16.89,18.14,56.13,53.17,-58.66,16.49,15.44,81.94,50.50,22.43,15.28,3.83,,,,,,,15.44,81.94,50.50,22.43,15.28,3.83,-20.58,134.37,66.08,37.84,23.43,1.85,,,,,,,40.14,55.93,30.32,14.82,6.21,3.06
CQP,Cheniere Energy Partners L.P.,Energy,United States,NYSEAM,21484.85,43.50,6.47,0.97,5.08,24.75,89.93,248.65,7.64,13.66,13.28,51.92,49.44,47.71,46.42,45.79,38.02,46.74,,7.11,52.98,17.46,13.65,53.70,66.26,41.96,20.52,11.98,8.91,59.33,237.47,35.61,15.37,9.47,8.85,44.62,51.68,31.33,37.79,17.78,8.56,56.98,21.79,40.71,,,,,,,43.42,13.42,7.86,18.84,-1.09,93.90
CRF,Cornerstone Total Return Fund Inc.,,,NYSEAM,578.43,9.03,-24.26,-25.07,-2.55,42.12,52.43,132.86,12.41,8.78,8.81,11.36,12.12,12.38,12.32,12.14,32.92,43.31,,,,,,,,,,,,,,,,,,,,,,,,,,,,,,,,,,,,,,
CTEK,CynergisTek Inc.,Health Care,United States,NYSEAM,15.91,1.20,-16.67,-16.67,-43.40,-75.46,,,-37.34,,,1.14,1.22,1.34,1.48,1.56,117.91,158.88,-8.50,,-13.62,-12.65,-8.55,-22.99,-13.23,-2.88,13.51,20.94,46.20,26.81,26.59,13.42,-4.06,-15.25,-16.21,-13.41,-4.43,8.25,-87.84,-61.16,5.86,-14.82,7.70,-1.42,,,,,,,20.81,39.21,23.81,-0.05,22.29,25.62
CTGO,Contango Ore Inc.,Materials,United States,NYSEAM,152.32,22.50,-12.11,-12.95,2.27,32.35,31.96,136.84,9.78,5.68,8.97,23.52,24.04,23.04,22.29,20.96,61.81,31.73,-5.66,,,,,,,,33.37,29.63,25.58,43.64,-2.94,10.09,,,,,,,-358.32,69.01,56.82,81.25,14.59,23.66,,,,,,,1631.97,103.50,36.08,95.85,32.59,28.06
CVM,CEL-SCI Corporation,Health Care,United States,NYSEAM,200.18,4.62,-34.93,-25.36,-45.52,-46.71,105.33,-95.26,-18.90,15.45,-26.25,3.97,4.96,6.51,7.15,9.13,91.08,104.99,-18.13,,20.73,8.27,,-3.20,19.60,13.80,24.87,33.87,29.23,7.90,5.03,7.25,33.72,37.65,30.33,6.13,6.37,37.51,21.25,28.79,4.85,26.10,4.29,3.63,,,,,,,189.79,241.57,502.54,126.88,27.77,20.57
CVR,Chicago Rivet & Machine Co.,Industrials,United States,NYSEAM,27.39,28.35,9.67,8.01,12.31,18.01,-10.67,115.43,5.67,-2.22,7.97,27.11,26.83,26.73,26.65,26.53,30.73,31.30,,3.10,23.14,1.66,-2.96,-1.70,-1.26,0.95,-1736.97,66.26,-17.30,-17.16,-10.11,-1.72,31.53,6.09,-6.49,-6.49,-3.51,-0.28,2107.08,43.82,-17.75,-13.93,-7.71,-1.19,,,,,,,0.92,-0.32,-0.89,0.76,1.70,2.73
CYBN,Cybin Inc.,Health Care,Canada,NYSEAM,104.59,0.63,-47.50,-41.12,-71.62,,,,,,,0.71,0.85,1.12,1.39,1.46,80.76,80.62,-29.65,,,,,,,,105.70,471.64,,,,,,,,,,,109.90,489.83,,,,,,,,,,,-16.16,494.52,,,,
D,Dominion Energy Inc.,Utilities,United States,NYSE,64470.08,79.38,2.71,0.60,8.06,13.95,28.60,118.35,4.44,5.15,8.11,81.99,80.77,79.19,78.69,78.33,18.87,19.03,0.78,3.27,-1.47,-1.53,7.63,3.54,1.67,0.14,23.01,14.85,12.27,2.29,6.36,3.27,-7.99,2.93,10.05,2.95,5.40,3.65,-919.95,55.60,10.35,9.14,14.05,8.85,,,,,,,11.24,-10.26,9.99,17.97,11.80,8.50
DC,Dakota Gold Corp.,Materials,United States,NYSEAM,256.30,3.56,,,,,,,,,,,,,,,90.63,90.63,-19.44,,,,,,,,1395.00,1257.71,,,,,,,,,,,-148.49,707.83,,,,,,,,,,,200.99,1122.54,,,,
DHY,Credit Suisse High Yield Bond Fund Inc.,,,NYSEAM,194.61,1.88,-20.44,-20.77,-18.74,-3.02,2.26,57.54,-1.01,0.45,4.64,2.06,2.18,2.26,2.31,2.34,14.77,17.68,,,,,,,,,,,,,,,,,,,,,,,,,,,,,,,,,,,,,,
DIT,AMCON Distributing Company,Consumer Discretionary,United States,NYSEAM,95.03,162.50,-18.37,-9.52,8.32,86.50,75.57,220.47,22.98,11.89,12.33,164.59,169.92,164.88,164.18,160.28,58.59,51.50,1.22,3.52,12.46,11.40,9.97,6.90,5.90,6.11,86.33,39.02,31.54,10.39,9.58,1.37,14.61,9.39,9.33,6.10,3.98,3.09,180.47,120.31,62.62,21.05,17.73,6.78,,,,,,,21.42,14.10,8.60,5.49,7.21,9.32
DLA,Delta Apparel Inc.,Consumer Discretionary,United States,NYSEAM,192.83,27.75,-6.69,-6.00,-4.48,26.48,28.35,89.94,8.13,5.11,6.62,29.21,29.40,28.89,29.25,29.57,39.07,40.77,2.12,,14.62,0.58,3.37,0.54,-0.52,,73.56,38.18,27.38,10.87,42.87,,22.64,9.38,7.49,3.35,4.37,,-291.89,56.92,147.61,17.76,54.63,,,,,,,,17.92,3.12,1.48,1.30,3.72,
DMF,BNY Mellon Municipal Income Inc.,,,NYSEAM,143.60,6.92,-19.06,-19.34,-22.87,-7.35,-1.74,11.03,-2.51,-0.35,1.05,7.18,7.62,8.00,8.31,8.45,14.17,15.70,,,,,,,,,,,,,,,,,,,,,,,,,,,,,,,,,,,,,,
DPSI,Decisionpoint Systems Inc.,Information Technology,United States,NYSEAM,30.91,4.28,-62.26,-52.44,7.00,103.81,-28.67,-99.67,24.48,-6.39,-43.49,4.79,5.45,5.09,5.14,5.00,227.75,219.76,0.08,,4.08,22.58,23.32,16.22,0.31,1.23,-94.77,-66.27,-24.18,-24.25,-17.98,-18.39,3.28,19.28,28.24,19.58,1.10,2.47,-50.58,25.98,-29.14,-3.39,15.24,-12.16,,,,,,,-376.81,134.16,2.00,-6.51,-27.33,-13.98
DSS,DSS Inc.,Industrials,United States,NYSEAM,35.88,0.358,-46.65,-45.89,-77.31,-97.59,-98.45,-99.93,-71.03,-56.47,-51.31,0.453,0.50,0.66,0.80,1.06,97.70,125.62,-174.27,,31.95,14.19,3.07,1.12,1.48,4.24,87.34,186.02,132.26,100.54,12.40,19.94,83.70,23.97,6.31,-0.13,2.80,6.73,-1732.44,227.57,176.60,100.78,-3.97,25.41,,,,,,,201.19,177.53,153.01,130.06,154.68,86.62
E,Eni S.p.A.,Energy,Italy,NYSE,40247.51,22.80,-15.69,-20.25,1.89,-20.36,-4.83,-15.20,-7.30,-0.98,-1.63,28.54,28.68,28.48,27.62,27.17,28.08,32.80,-4.36,5.91,72.83,4.67,0.51,6.50,-3.30,-3.26,-955.50,24.89,9.04,49.02,3.08,-2.66,92.04,4.94,2.01,10.61,1.03,-2.61,-167.41,527.14,12.16,31.79,23.84,-1.63,,,,,,,14.96,-5.92,-6.08,-4.45,-5.47,-1.15
EAD,Wells Fargo Advantage Funds - Allspring Income Opportunities Fund,,,NYSEAM,405.32,6.69,-23.46,-20.96,-17.82,5.99,21.60,64.35,1.95,3.98,5.09,7.37,7.77,8.06,8.23,8.31,17.10,21.32,,,,,,,,,,,,,,,,,,,,,,,,,,,,,,,,,,,,,,
ECF,Ellsworth Growth and Income Fund Ltd.,,,NYSEAM,124.37,8.94,-25.61,-22.93,-31.76,15.85,46.25,149.73,5.02,7.89,9.57,9.66,10.30,11.13,11.81,12.24,20.86,24.53,,,,,,,,,,,,,,,,,,,,,,,,,,,,,,,,,,,,,,
EIM,Eaton Vance Municipal Bond Fund,,,NYSEAM,782.13,10.87,-17.97,-16.87,-17.31,0.27,8.06,34.74,0.09,1.56,3.02,11.14,11.77,12.18,12.50,12.69,12.24,15.99,,,,,,,,,,,,,,,,,,,,,,,,,,,,,,,,,,,,,,
ELA,Envela Corporation,Consumer Discretionary,United States,NYSEAM,195.20,7.25,78.13,75.12,73.86,509.24,334.13,-2.42,82.44,34.06,-0.24,5.17,4.79,4.64,4.56,4.57,47.15,50.84,,,23.74,31.09,37.64,23.88,10.35,0.13,39.93,71.18,139.48,31.22,57.05,3.47,35.34,38.59,47.75,30.31,13.77,4.49,57.41,90.10,148.14,20.19,12.08,25.78,,,,,,,39.67,69.41,31.18,25.60,17.25,4.50
ELMD,Electromed Inc.,Health Care,United States,NYSEAM,82.58,9.70,-25.38,-24.95,-17.45,83.43,79.30,361.90,22.37,12.37,16.51,11.85,12.12,11.94,11.97,11.72,30.76,28.45,2.61,,10.12,6.88,8.10,9.36,12.70,6.53,-25.33,2.55,4.95,0.08,19.76,5.32,8.35,7.00,7.84,8.84,14.42,7.08,-43.23,9.21,8.86,1.32,9.04,8.39,,,,,,,7.09,12.36,13.11,15.49,15.36,8.95
EMAN,eMagin Corporation,Information Technology,United States,NYSEAM,53.60,0.73,-43.41,-59.44,-75.67,58.11,-70.20,-75.78,16.47,-21.48,-13.21,0.93,1.07,1.37,1.62,1.86,84.18,85.29,-2.97,,-11.48,-1.28,-0.24,4.01,0.18,-1.13,44.02,33.72,3.83,3.64,9.58,11.77,-27.84,-17.38,-12.09,-6.54,-6.56,-11.44,-54.52,10.06,-18.29,-8.35,-0.14,0.47,,,,,,,12.99,1.86,0.95,-2.12,-1.86,-6.09
ENSV,Enservco Corporation,Energy,United States,NYSEAM,22.75,1.98,132.12,123.73,34.69,-65.26,-56.48,-76.64,-29.66,-15.30,-13.52,2.41,1.88,1.73,1.63,1.60,169.89,229.44,-42.46,,-2.21,-40.30,-28.95,-9.02,-17.01,-4.34,-0.95,82.43,173.39,0.98,6.14,21.49,31.02,-51.24,-40.03,56.54,-25.22,-10.51,220.92,2.58,11.14,-1.20,10.49,15.13,,,,,,,215.88,4.20,13.30,-21.14,-18.07,5.21
ENX,Eaton Vance New York Municipal Bond Fund,,,NYSEAM,172.49,9.52,-20.04,-19.78,-23.23,-10.07,-5.00,9.26,-3.47,-1.02,0.89,9.95,10.58,11.02,11.34,11.57,12.22,13.17,,,,,,,,,,,,,,,,,,,,,,,,,,,,,,,,,,,,,,
EP,Empire Petroleum Corporation,Energy,United States,NYSEAM,204.12,10.16,-15.82,-15.33,50.30,873.18,3075.00,504.76,112.47,98.94,19.65,17.85,15.87,14.45,12.85,12.02,90.73,92.49,-2.40,,367.62,120.12,330.31,,,,-94.69,-72.26,-19.75,19.21,13.91,6.84,1494.02,233.04,285.30,142.08,130.19,88.19,10.57,67.25,163.53,117.56,86.57,54.04,,,,,,,-158.75,48.11,316.29,104.71,396.34,47.96
EPM,Evolution Petroleum Corporation,Energy,United States,NYSEAM,170.77,5.17,5.31,-0.96,18.51,-6.98,-17.65,-9.08,-2.38,-3.80,-0.95,6.78,6.31,6.17,5.80,5.56,52.92,55.45,0.02,6.77,10.48,-13.02,-7.09,4.41,9.19,15.94,-2.98,-54.95,-39.56,-10.87,-11.65,33.90,0.13,-25.41,-17.87,-1.31,-0.32,10.11,-376.87,3.39,-5.73,-7.79,24.24,52.50,,,,,,,-26.29,-17.42,-10.91,-6.46,0.82,5.02
ERC,Allspring Multi-Sector Income Fund,,,NYSEAM,267.22,9.52,-24.02,-21.89,-18.59,0.31,16.89,57.05,0.10,3.16,4.61,9.96,10.83,11.48,11.82,11.99,16.27,19.56,,,,,,,,,,,,,,,,,,,,,,,,,,,,,,,,,,,,,,
ERH,Allspring Utilities and High Income Fund,,,NYSEAM,115.57,12.45,-12.75,-13.28,-7.76,17.68,34.23,121.59,5.57,6.05,8.27,12.82,13.32,13.54,13.71,13.78,19.92,23.27,,,,,,,,,,,,,,,,,,,,,,,,,,,,,,,,,,,,,,
ESP,Espey Mfg. & Electronics Corp.,Industrials,United States,NYSEAM,34.09,14.00,-1.48,6.46,-6.67,-38.37,-24.95,-24.41,-14.89,-5.57,-2.76,13.63,13.65,13.92,14.09,14.29,39.36,41.74,,,-12.03,-12.80,-5.17,0.19,0.31,-0.61,-136.35,-59.92,-52.00,-37.14,-14.89,-22.28,-39.56,-31.03,-24.03,-14.54,-4.18,-8.54,-115.60,-72.16,-61.06,-43.58,-23.35,-26.33,,,,,,,-2.86,-2.53,-3.24,-1.30,0.33,0.57
EVBN,Evans Bancorp Inc.,Financials,United States,NYSEAM,183.45,33.46,-15.64,-17.08,-4.19,4.14,-6.17,152.02,1.36,-1.26,9.67,37.59,38.65,38.81,38.80,38.54,23.29,25.87,-0.61,3.65,31.51,15.38,15.81,16.62,,,,,,,,,,,,,,,113.79,18.88,13.70,23.79,,,8.87,11.30,11.79,13.71,11.51,10.30,10.14,11.70,12.64,13.93,11.80,10.91
EVI,EVI Industries Inc.,Industrials,United States,NYSEAM,126.41,10.10,-67.66,-66.33,-65.76,-72.64,-58.18,1245.67,-35.03,-15.98,29.64,15.06,19.11,22.22,23.06,24.19,55.93,61.96,0.25,,2.63,2.95,17.28,46.37,32.45,27.49,21.94,-31.63,-22.32,3.97,3.87,13.52,8.39,6.56,17.91,48.77,33.80,27.41,981.81,49.66,28.34,36.96,26.47,30.09,,,,,,,104.19,584.00,65.98,30.53,23.21,9.06
EVM,Eaton Vance California Municipal Bond Fund,,,NYSEAM,234.45,9.38,-17.21,-16.85,-19.56,-2.68,1.50,25.89,-0.90,0.30,2.33,9.60,10.16,10.59,10.88,11.06,10.81,12.81,,,,,,,,,,,,,,,,,,,,,,,,,,,,,,,,,,,,,,
EVV,Eaton Vance Limited Duration Income Fund,,,NYSEAM,1202.36,10.35,-15.98,-16.11,-13.94,10.04,13.83,44.74,3.23,2.62,3.76,10.99,11.57,11.98,12.24,12.37,13.28,17.59,,,,,,,,,,,,,,,,,,,,,,,,,,,,,,,,,,,,,,
EXN,Excellon Resources Inc.,Materials,Canada,NYSEAM,14.87,0.430,-61.26,-53.96,-77.95,-89.48,-91.64,-97.29,-52.73,-39.07,-30.25,0.70,0.77,0.93,1.12,1.37,89.06,107.95,-0.12,,44.86,19.75,16.00,17.43,3.04,-2.32,1.06,-3.29,6.91,17.86,-9.70,-5.20,88.84,90.04,35.26,30.63,9.46,-9.19,260.63,139.46,95.77,32.64,16.96,29.27,,,,,,,-108.90,-67.39,-51.84,-27.61,-25.81,-22.71
FAX,Abrdn Asia-Pacific Income Fund Inc,,,NYSEAM,686.12,2.77,-23.74,-24.53,-31.27,-15.05,-14.51,-19.31,-5.28,-3.08,-2.12,3.19,3.39,3.58,3.72,3.82,15.16,16.00,,,,,,,,,,,,,,,,,,,,,,,,,,,,,,,,,,,,,,
FCO,abrdn Global Income Fund Inc.,,,NYSEAM,52.37,5.68,-17.40,-15.97,-29.66,-3.37,11.98,7.82,-1.13,2.28,0.75,6.02,6.42,6.86,7.30,7.55,28.56,29.12,,,,,,,,,,,,,,,,,,,,,,,,,,,,,,,,,,,,,,
FEN,First Trust Energy Income and Growth Fund,,,NYSEAM,304.25,15.64,17.54,3.93,16.58,-5.20,3.90,19.11,-1.76,0.77,1.76,15.70,15.31,15.06,14.82,14.77,26.69,28.79,,,,,,,,,,,,,,,,,,,,,,,,,,,,,,,,,,,,,,
FRD,Friedman Industries Incorporated,Materials,United States,NYSEAM,49.29,7.19,-23.04,-33.16,-41.69,20.80,36.79,-12.99,6.49,6.45,-1.38,8.74,9.09,10.00,10.53,10.88,58.71,68.36,1.39,1.11,-11.26,-17.92,1.34,9.09,1.18,-0.43,-726.43,39.23,39.78,267.89,30.26,2.71,803.53,35.18,33.34,38.11,18.80,3.14,-317.64,49.67,42.67,107.92,31.14,3.43,,,,,,,-2.28,-5.05,-1.60,0.66,0.45,1.06
FSP,Franklin Street Properties Corp.,Real Estate,United States,NYSEAM,387.85,3.76,-34.73,-36.54,-16.59,-37.41,-50.74,-31.67,-14.44,-13.18,-3.73,5.05,5.35,5.32,5.23,5.24,38.84,34.50,5.95,18.09,-14.84,-11.79,-8.00,-3.41,-2.39,3.98,-51.88,-45.39,-33.94,-18.64,-14.90,-8.71,-17.70,-15.06,-10.99,-5.64,-4.57,2.18,184.28,278.41,92.15,61.73,32.19,7.86,,,,,,,3.84,1.50,-0.42,-1.69,-1.28,-0.77
FTF,Franklin Limited Duration Income Trust,,,NYSEAM,152.13,6.73,-18.53,-18.97,-15.26,0.13,9.03,32.10,0.04,1.74,2.82,7.17,7.64,8.00,8.26,8.42,12.96,16.63,,,,,,,,,,,,,,,,,,,,,,,,,,,,,,,,,,,,,,
FURY,Fury Gold Mines Limited,Materials,Canada,NYSEAM,64.60,0.456,-28.80,-29.61,-59.12,,,,,,,0.64,0.64,0.65,0.69,0.79,55.14,58.56,-7.10,,,,,,,,112.87,51.17,6.02,29.91,,,,,,,,,17.80,9.77,-1.70,31.59,,,,,,,,,-5.36,106.72,57.24,20.50,,
G,Genpact Limited,Information Technology,Bermuda,NYSE,8178.03,44.17,-16.30,-15.02,-5.07,19.00,68.03,220.34,5.96,10.92,12.33,42.63,45.29,46.37,47.16,46.90,25.17,29.69,2.55,1.05,8.43,6.89,10.26,9.37,8.45,9.65,6.50,11.91,13.63,8.55,8.20,8.38,9.59,8.08,9.89,7.10,6.84,9.17,19.84,10.08,9.42,6.50,9.80,7.20,,,,,,,-96.41,-82.57,-72.34,-51.99,-39.08,-37.60
GBR,New Concept Energy Inc.,Energy,United States,NYSEAM,8.37,1.63,-31.51,-36.08,-67.07,-11.89,13.99,61.39,-4.13,2.65,4.90,2.54,2.56,2.87,3.14,3.44,97.59,110.08,,,0.00,1.52,-6.36,-33.28,-31.91,-30.61,-8.45,-6.09,4.43,-15.26,-16.50,-2.50,-17.24,-19.46,-27.89,-43.50,-32.19,-21.64,-96.35,-82.75,-47.51,7.84,-29.12,-40.11,,,,,,,1.62,35.08,-2.63,3.40,-5.00,-3.81
GGN,GAMCO Global Gold Natural Resources & Income Trust,,,NYSEAM,524.14,3.40,-5.03,-6.53,-6.06,5.05,13.26,-15.21,1.65,2.52,-1.63,3.89,3.85,3.85,3.85,3.88,20.53,23.22,,,,,,,,,,,,,,,,,,,,,,,,,,,,,,,,,,,,,,
GLDG,GoldMining Inc.,Materials,Canada,NYSEAM,139.33,0.92,-23.63,-37.65,-33.10,34.76,-26.54,7.70,10.44,-5.97,0.74,1.41,1.41,1.39,1.37,1.40,71.74,82.84,-0.71,,,,,,,,10.47,37.91,20.72,9.77,12.82,14.24,,,,,,,-1005.11,301.81,147.79,67.83,53.28,41.37,,,,,,,173.25,63.60,35.59,26.00,32.66,40.30
GLO,Clough Global Opportunities Fund,,,NYSEAM,310.13,7.50,-24.89,-25.10,-30.16,14.32,26.57,108.06,4.55,4.82,7.59,8.44,9.16,9.99,10.53,10.84,25.06,31.59,,,,,,,,,,,,,,,,,,,,,,,,,,,,,,,,,,,,,,
GLQ,Clough Global Equity Fund,,,NYSEAM,170.27,9.22,-25.19,-24.44,-29.26,5.84,35.18,130.96,1.91,6.20,8.72,10.41,11.27,12.22,12.84,13.21,25.17,31.08,,,,,,,,,,,,,,,,,,,,,,,,,,,,,,,,,,,,,,
GLTA,Galata Acquisition Corp.,Financials,United States,NYSEAM,177.71,9.89,,0.20,,,,,,,,9.88,,,,,10.39,4.79,-94.77,,,,,,,,,,,,,,,,,,,,,,,,,,,,,,,,,,,,,
GLU,The Gabelli Global Utility & Income Trust,,,NYSEAM,95.74,16.04,-20.09,-20.35,-18.25,5.85,11.49,51.17,1.91,2.19,4.21,17.94,18.75,19.11,19.55,19.89,18.59,20.85,,,,,,,,,,,,,,,,,,,,,,,,,,,,,,,,,,,,,,
GLV,Clough Global Dividend and Income Fund,,,NYSEAM,98.80,8.31,-17.83,-17.05,-16.21,9.31,13.88,89.13,3.01,2.63,6.57,8.85,9.39,9.86,10.21,10.40,20.23,25.70,,,,,,,,,,,,,,,,,,,,,,,,,,,,,,,,,,,,,,
GNS,Genius Group Limited,Consumer Discretionary,Singapore,NYSEAM,128.92,6.00,,,,,,,,,,,,,,,179.47,179.47,-3.17,,67.39,13.33,11.89,,,,75.57,42.00,64.51,,,,-19.14,-23.62,-18.31,,,,40.63,85.08,221.21,,,,,,,,,,-82.31,-40.52,-39.41,,,
GOED,1847 Goedeker Inc.,Consumer Discretionary,United States,NYSEAM,130.94,1.23,-48.75,-45.81,-62.84,,,,,,,1.55,1.78,2.06,2.23,2.57,69.39,72.06,-150.27,,557.15,175.85,86.00,,,,-291.83,146.66,95.15,,,,997.99,215.28,94.07,,,,-135.56,17.00,56.39,,,,,,,,,,55.60,69.17,107.18,,,
GORO,Gold Resource Corporation,Materials,United States,NYSEAM,139.58,1.58,2.25,4.94,-31.63,-46.74,-54.19,-92.06,-18.91,-14.43,-22.35,1.98,1.87,1.86,1.86,2.00,58.57,69.65,-0.10,2.53,38.05,2.01,2.78,8.51,1.17,1.76,3054.70,14.04,-2.26,20.00,-6.01,-7.71,75.53,5.60,3.05,9.14,-0.64,-1.28,84.17,17.33,-4.74,12.85,-8.57,-17.99,,,,,,,33.37,-12.60,-1.74,2.43,4.60,3.32
GRF,Eagle Capital Growth Fund Inc.,,,NYSEAM,35.57,8.87,-6.78,-13.93,7.31,40.85,66.97,209.91,12.07,10.78,11.96,9.39,9.38,9.39,9.34,9.23,35.20,44.45,,,,,,,,,,,,,,,,,,,,,,,,,,,,,,,,,,,,,,
GROY,Gold Royalty Corp.,Materials,Canada,NYSEAM,324.19,2.41,-50.72,-48.52,-53.82,,,,,,,3.51,3.88,4.20,4.32,4.45,59.84,66.04,-1.90,0.83,,,,,,,2136.59,,,,,,,,,,,,2567.66,,,,,,,,,,,,-159983.54,,,,,
GSAT,Globalstar Inc.,Communication Services,United States,NYSEAM,2429.30,1.35,16.38,26.17,-14.01,181.54,-33.17,365.52,41.12,-7.73,16.60,1.24,1.20,1.29,1.36,1.37,103.94,72.50,-0.03,,-3.26,-2.86,-1.51,5.11,4.71,5.49,7.42,1.30,-1.30,0.64,-5.32,-0.63,-9.36,-3.75,-2.49,5.61,17.17,17.67,2.72,171.10,158.55,-3.22,-18.28,7.45,,,,,,,-15.67,-6.58,-0.03,16.57,23.64,-4.54
H,Hyatt Hotels Corporation,Consumer Discretionary,United States,NYSE,8203.55,74.37,-22.45,-23.28,-3.19,-3.50,37.18,106.22,-1.18,6.52,7.50,88.51,89.35,87.91,85.23,84.23,41.84,47.95,-7.31,,85.26,-24.86,-16.68,-10.63,-8.58,-4.26,-61.55,11.06,-9.88,-1.94,-3.01,4.73,446.59,-30.72,-21.75,-12.16,-9.69,-4.23,-68.42,-46.17,-33.91,1.51,-6.06,6.99,,,,,,,-154.33,-34.34,-20.64,-15.38,-13.93,-10.87
HNRA,HNR Acquisition Corp,Financials,United States,NYSEAM,116.08,9.98,,,,,,,,,,,,,,,2.38,2.38,-77.05,,,,,,,,,,,,,,,,,,,,,,,,,,,,,,,,344.87,,,,,
HNW,Pioneer Diversified High Income Fund Inc.,,,NYSEAM,92.66,11.12,-24.05,-24.05,-19.52,2.51,5.10,40.34,0.83,1.00,3.44,12.24,13.17,13.80,14.13,14.29,13.51,16.35,,,,,,,,,,,,,,,,,,,,,,,,,,,,,,,,,,,,,,
HUSA,Houston American Energy Corp.,Energy,United States,NYSEAM,41.10,4.14,189.51,183.56,101.95,53.97,-56.42,-71.69,15.44,-15.28,-11.84,4.34,3.37,3.02,2.78,2.61,510.03,722.89,,,140.83,15.45,-17.36,51.64,20.36,1.41,-37.84,-19.30,45.18,-12.91,-11.68,-14.32,374.48,83.85,-21.27,59.26,15.93,9.35,-74.70,-36.28,59.59,-17.31,-18.71,-13.46,,,,,,,60.15,32.89,10.33,29.27,1.53,-14.31
HWM,Howmet Aerospace Inc.,Industrials,United States,NYSE,13682.51,32.74,2.98,-3.62,-0.36,66.19,89.31,,18.41,13.59,,34.38,33.63,32.98,32.78,32.98,35.68,37.31,4.27,0.24,-5.46,-16.31,-9.81,-16.70,-12.38,,3.25,-14.60,-2.16,-5.99,-0.63,,-1.27,-14.26,-5.51,-12.25,-6.17,,-1.15,-25.91,-26.20,-22.80,-0.54,,,,,,,,1.04,199.10,127.33,1.51,,
IAF,Abrdn Australia Equity Fund Inc,,,NYSEAM,109.06,4.68,-18.47,-15.97,-17.87,19.43,32.49,40.48,6.09,5.78,3.45,5.57,5.64,5.74,5.86,5.96,25.77,31.79,,,,,,,,,,,,,,,,,,,,,,,,,,,,,,,,,,,,,,
IAUX,i-80 Gold Corp.,Materials,United States,NYSEAM,406.34,1.70,-30.88,-20.42,-16.53,,,,,,,2.49,2.39,2.41,2.36,2.32,52.49,56.43,-31.06,,,,,,,,266.78,143.54,143.79,,,,23.25,-72.07,-72.38,,,,-3280.35,230.09,203.17,,,,,,,,,,-2560.72,437.15,297.74,,,
IBIO,iBio Inc.,Health Care,United States,NYSEAM,62.68,0.287,-47.67,-45.27,-79.33,-58.55,-92.24,-96.12,-25.40,-39.97,-27.71,0.322,0.394,0.51,0.65,0.79,90.70,105.81,-4.94,,44.75,8.39,74.79,20.12,41.87,16.38,121.15,40.85,29.60,25.64,27.74,13.07,-2.78,-32.88,26.98,-0.84,23.71,5.74,41.17,14.85,12.95,18.90,30.16,6.69,,,,,,,94.02,894.17,94.86,68.84,62.98,43.88
ID,PARTS iD Inc.,Consumer Discretionary,United States,NYSEAM,38.72,1.14,-53.28,-46.73,-80.84,-88.71,,,-51.61,,,1.68,1.88,2.41,3.22,3.74,99.22,104.20,,,11.93,24.85,15.84,,,,-233.08,245.54,156.22,,,,5.16,21.41,13.53,,,,-476.70,248.44,131.67,,,,,,,,,,7.83,23.02,20.08,,,
IDR,Idaho Strategic Resources Inc.,Materials,United States,NYSEAM,87.55,7.43,-0.13,-0.27,55.41,253.81,353.60,266.01,52.26,35.24,13.82,8.66,8.35,7.67,7.03,6.61,91.15,82.12,-6.24,,34.46,11.66,28.10,69.54,87.82,18.04,210.51,194.57,12.67,18.09,11.50,33.17,102.47,-0.62,53.66,67.28,29.11,6.86,391.57,127.68,56.15,18.08,11.95,20.91,,,,,,,22.36,34.14,18.76,38.39,20.82,14.39
IDW,IDW Media Holdings Inc.,Communication Services,United States,NYSEAM,17.60,1.25,-37.50,-42.92,-68.75,-93.24,-97.42,-62.83,-59.20,-51.83,-9.39,1.59,1.79,2.09,2.43,2.68,70.81,71.60,-53.47,,-15.03,-13.00,-17.94,-13.06,-4.65,0.07,-6.85,-41.12,-30.28,6.84,6.35,16.09,23.29,29.78,40.44,-19.16,-11.64,-4.76,-60.92,-54.83,-46.90,8.00,0.31,3.17,,,,,,,21.06,17.64,17.45,-7.96,-2.92,4.52
IE,Ivanhoe Electric Inc.,Materials,Canada,NYSEAM,833.20,8.97,,,,,,,,,,,,,,,86.24,86.24,-3.33,,0.41,11.35,,,,,128.37,52.33,,,,,9.97,26.86,,,,,135.08,55.18,,,,,,,,,,,-49.05,-7.25,,,,
IGC,India Globalization Capital Inc.,Industrials,United States,NYSEAM,27.66,0.53,-45.25,-46.51,-64.83,-65.73,32.00,-78.18,-29.98,5.70,-14.10,0.73,0.84,0.99,1.12,1.18,149.91,158.08,-14.92,,-55.79,-68.78,-57.35,-7.31,-34.51,-21.01,16.09,21.47,29.69,37.60,12.86,4.83,71.68,29.88,13.70,-2.33,-14.48,-10.95,70.42,43.27,54.18,51.73,18.36,6.84,,,,,,,-29.08,-6.51,-11.71,26.26,8.54,8.63
IHT,InnSuites Hospitality Trust,Real Estate,United States,NYSEAM,34.22,2.83,30.29,12.71,-51.12,87.48,58.70,36.55,23.26,9.66,3.15,2.97,2.89,3.12,3.41,3.92,96.85,95.14,0.66,0.71,52.52,-1.21,1.28,-6.97,12.30,-8.05,-130.06,-9.30,-13.47,-18.53,-10.97,27.34,88.18,0.92,4.24,-7.95,13.50,-7.50,-115.63,-61.80,-43.64,-35.01,-26.06,-13.46,,,,,,,6.21,-10.90,-14.14,13.08,21.88,8.12
IMH,Impac Mortgage Holdings Inc.,Financials,United States,NYSEAM,11.91,0.55,-50.04,-53.39,-73.08,-82.72,-96.36,-73.96,-44.24,-48.40,-12.57,0.72,0.82,0.96,1.08,1.24,81.31,86.75,-0.02,,-103.23,-72.65,-66.06,-46.98,-46.69,-28.61,,,,,,,-103.23,-72.65,-66.06,-46.98,-46.69,-28.39,-95.60,-30.28,-70.12,-39.20,-6.74,1.86,,,,,,,-36.56,-69.16,-55.11,-36.83,-12.17,-10.46
INDO,Indonesia Energy Corporation Limited,Energy,Indonesia,NYSEAM,47.91,6.42,129.29,133.45,20.00,,,,,,,16.82,12.39,10.32,9.27,8.66,229.22,320.80,,,23.82,-23.43,-25.18,0.05,,,-16.07,95.18,249.12,17.88,,,7.69,-84.71,-77.08,-46.00,,,-12.49,90.65,246.90,13.80,,,,,,,,,-36.72,-30.51,15.51,-15.01,,
INFU,InfuSystem Holdings Inc.,Health Care,United States,NYSEAM,206.43,10.05,-40.99,-36.27,-48.17,119.91,491.18,415.38,29.98,42.59,17.79,9.44,11.55,12.46,13.20,14.24,58.86,65.67,1.89,,5.91,12.33,15.07,9.54,7.74,7.31,-65.79,-7.44,36.59,10.60,-14.88,9.35,3.71,13.29,14.96,4.32,3.10,3.80,-91.81,2.14,9.05,44.94,-11.57,-29.29,,,,,,,13.72,121.24,287.95,11.57,6.69,10.91
INTT,inTEST Corporation,Information Technology,United States,NYSEAM,72.73,6.83,-46.31,-41.72,-54.25,46.25,1.19,100.10,13.48,0.24,7.17,8.64,9.79,10.55,11.04,11.66,59.13,58.36,-1.34,,57.70,18.29,2.61,16.11,10.65,6.03,3116.57,75.38,-4.03,18.06,11.72,3.29,71.03,18.77,1.52,15.13,10.52,6.06,-913.74,77.10,33.85,22.34,11.32,-2.99,,,,,,,-36.85,-17.95,-6.21,-19.72,-13.06,-6.74
INUV,Inuvo Inc.,Information Technology,United States,NYSEAM,62.90,0.53,-0.94,7.49,-43.13,40.19,-48.53,-13.93,11.90,-12.42,-1.49,0.457,0.467,0.52,0.57,0.61,74.34,89.49,0.38,,34.03,-1.39,-6.56,-3.51,2.72,5.26,-3.45,7.39,12.41,55.41,17.61,3.15,20.81,6.34,0.38,-2.63,6.01,11.35,4.05,30.13,8.87,57.97,20.13,-1.65,,,,,,,137.00,66.57,25.25,44.48,12.73,17.72
IOR,Income Opportunity Realty Investors Inc.,Financials,United States,NYSEAM,53.77,12.90,7.95,7.95,1.86,7.05,35.54,571.88,2.30,6.26,20.96,12.79,12.65,12.50,12.34,12.37,88.62,100.06,,,,,,,,,-0.69,-0.32,-4.47,4.08,0.56,0.92,,,,,,,-14.62,-6.83,-24.04,11.57,12.69,18.32,,,,,,,3.44,3.82,3.99,4.58,3.88,3.83
IPX,IperionX Limited,Materials,United States,NasdaqCM,64.39,5.00,,,,,,,,,,,,,,,172.29,172.29,-36.68,,,,,,,,1368.43,280.28,107.59,,,,,,,,,,2480.23,400.14,144.79,,,,,,,,,,-18.42,-18.26,-16.77,,,
ISDR,Issuer Direct Corporation,Information Technology,United States,NYSEAM,98.97,26.16,-11.17,-10.13,2.35,142.67,106.95,929.20,34.31,15.63,26.22,25.74,26.88,26.88,26.97,26.86,51.90,60.34,0.02,,18.12,15.88,15.42,12.66,7.00,21.09,22.96,181.01,47.64,14.11,14.25,23.47,23.06,19.95,16.79,12.30,7.76,24.28,56.27,119.03,57.83,16.18,86.38,29.97,,,,,,,23.25,22.43,12.49,35.72,154.97,35.26
ISR,Isoray Inc.,Health Care,United States,NYSEAM,43.65,0.307,-20.76,-19.58,-59.51,-25.12,-50.44,-68.96,-9.18,-13.08,-11.03,0.320,0.345,0.407,0.460,0.52,57.13,61.41,-0.69,,3.85,17.24,19.28,16.08,13.21,6.73,-1.12,-19.30,-20.06,-8.86,-4.04,1.50,-0.06,29.64,40.61,108.81,59.33,16.03,-1.71,-18.86,-20.34,-6.39,-7.75,1.77,,,,,,,1104.58,199.14,140.57,32.86,16.05,26.82
ITRG,Integra Resources Corp.,Materials,Canada,NYSEAM,54.12,0.88,-59.22,-58.45,-69.13,-49.11,,,-20.13,,,1.21,1.49,1.71,1.91,2.11,61.22,73.33,-35.98,,,,,,,,64.78,38.36,34.85,253.56,71.07,16.65,,,,,,,62.64,38.74,41.19,161.32,71.97,17.28,,,,,,,-30.49,-14.69,7.55,111.83,66.21,39.25
JOB,GEE Group Inc.,Industrials,United States,NYSEAM,65.03,0.57,-0.02,-1.86,10.47,-16.68,-89.35,-86.43,-5.89,-36.05,-18.08,0.57,0.55,0.53,0.52,0.53,55.82,51.25,-80.61,,14.67,-0.93,-3.42,12.38,20.73,14.88,-1077.62,37.93,7.51,29.45,41.39,32.75,17.53,0.50,-3.75,17.33,21.56,18.30,-100.04,-98.16,-90.74,-65.18,-53.90,-33.56,,,,,,,-104.68,-82.80,-68.83,-12.97,23.08,13.66
KULR,KULR Technology Group Inc.,Industrials,United States,NYSEAM,162.67,1.52,-44.93,-44.12,-34.76,-19.15,,,-6.77,,,1.84,2.11,2.27,2.25,2.26,84.68,87.14,-7.34,,286.70,70.46,23.72,222.65,,,391.94,141.18,76.85,69.47,,,200.61,47.33,11.83,334.24,,,317.92,145.29,79.54,70.68,,,,,,,,,163.92,350.13,405.33,127.13,,
LCTX,Lineage Cell Therapeutics Inc.,Health Care,United States,NYSEAM,291.93,1.72,-29.80,-13.13,-38.13,47.01,-40.84,-59.75,13.68,-9.95,-8.69,1.37,1.56,1.77,1.92,2.04,70.18,69.27,-5.82,,137.73,11.13,-4.53,-6.03,-2.66,-0.21,86.07,20.71,6.28,-3.55,-0.42,10.17,102.29,-3.08,-14.64,-12.13,-5.73,-3.93,108.33,91.68,-2.20,5.08,2.41,10.05,,,,,,,-9.79,-19.84,-27.39,-20.26,28.84,13.23
LEGN,Legend Biotech Corporation,Health Care,United States,NasdaqGS,8644.50,56.05,20.25,25.50,41.61,,,,,,,41.54,42.41,44.69,43.98,42.87,64.92,68.99,-7.27,,16.27,24.49,22.76,,,,64.18,65.69,190.96,,,,16.27,24.49,22.76,,,,27.26,70.42,417.67,,,,,,,,,,68.17,94.45,278.55,,,
LEU,Centrus Energy Corp.,Energy,United States,NYSEAM,400.61,27.65,-44.60,-46.65,14.11,701.38,571.12,-89.32,99.86,46.25,-20.02,31.33,36.72,41.33,38.47,36.16,98.94,101.56,-4.34,,20.67,19.27,15.62,-0.85,-7.48,-15.47,32.36,77.82,-8.95,2.12,0.71,-4.25,17.32,87.70,85.63,20.48,15.02,4.27,221.69,225.67,18.90,21.17,-7.31,-9.80,,,,,,,-48.74,-30.84,-21.25,-9.81,-2.50,-12.48
LGL,The LGL Group Inc.,Information Technology,United States,NYSEAM,73.20,13.80,21.05,24.89,33.85,71.22,188.10,109.09,19.59,23.53,7.64,11.17,11.03,11.40,11.34,11.26,41.59,36.64,0.10,,-9.70,-6.07,4.20,6.14,2.92,-2.35,-155.55,-52.19,-18.09,44.91,-14.56,1.55,-7.85,-10.30,1.40,7.45,6.86,-0.66,1412.19,44.44,118.41,150.64,26.49,43.99,,,,,,,38.17,25.69,26.61,32.66,21.79,7.93
LIAN,LianBio,Health Care,United States,NasdaqGM,304.25,2.81,-54.38,-43.35,,,,,,,,3.47,4.30,,,,114.72,121.47,-104.07,,,,,,,,45.01,82.98,,,,,,,,,,,40.61,83.35,,,,,,,,,,,-366.15,372.82,,,,
LNFA,L&F Acquisition Corp.,Financials,United States,NYSEAM,218.43,10.13,1.00,1.10,1.60,,,,,,,10.09,10.08,10.06,10.04,10.02,2.74,2.07,-232.18,,,,,,,,681.18,,,,,,,,,,,,-123.93,,,,,,,,,,,,-17.07,,,,,
LNG,Cheniere Energy Inc.,Energy,United States,NYSEAM,32494.22,127.86,26.72,18.43,47.54,87.44,172.90,722.72,23.25,22.20,23.42,134.12,125.44,120.04,113.35,108.69,36.81,42.52,0.29,0.77,88.65,38.37,29.92,68.60,81.59,50.82,-127.61,-44.41,-28.73,75.33,15.11,29.28,-39.39,-11.04,-6.00,36.77,50.74,27.20,2656.47,90.15,70.71,30.88,23.07,27.98,,,,,,,888.06,439.43,63.76,12.45,40.83,19.05
LODE,Comstock Inc.,Materials,United States,NYSEAM,41.17,0.61,-52.33,-56.69,-80.41,-27.56,-85.57,-99.07,-10.17,-32.06,-37.31,1.17,1.26,1.52,1.81,2.11,74.40,79.84,-22.66,,327.45,119.08,79.01,-29.84,-38.39,6.18,21.97,11.77,-3.37,-8.15,-5.13,-5.45,293.89,-37.91,-40.35,-4.53,-19.95,-24.34,-264.64,154.18,37.38,13.65,14.31,7.79,,,,,,,68.68,51.93,78.76,30.04,13.39,12.44
LSF,Laird Superfood Inc.,Consumer Staples,United States,NYSEAM,18.19,1.99,-84.74,-84.69,-93.29,,,,,,,3.24,5.70,8.53,11.31,14.70,87.56,104.97,-3.90,,42.77,67.61,64.36,,,,85.26,65.43,41.64,,,,43.37,36.20,52.43,,,,85.76,67.54,41.31,,,,,,,,,,-36.12,152.14,401.94,,,
MGLD,The Marygold Companies Inc.,Financials,United States,NYSEAM,62.62,1.59,-47.00,-47.00,-20.50,143.10,31.51,,33.64,5.62,,1.79,2.28,2.23,2.28,2.10,185.22,206.42,-5.64,,49.18,21.69,11.60,7.51,,,287.18,213.34,38.26,-3.49,,,51.06,23.68,10.33,4.15,,,229.84,372.64,49.96,2.09,,,,,,,,,39.56,26.82,18.79,28.11,,
MHH,Mastech Digital Inc.,Industrials,United States,NYSEAM,177.35,15.29,-10.43,-10.01,3.38,206.50,363.33,842.34,45.16,35.82,25.09,17.90,17.69,17.82,17.69,17.34,44.40,45.45,-0.75,,14.38,7.09,7.81,10.96,10.06,10.68,5.80,17.29,13.51,22.97,15.15,19.54,15.34,11.31,11.81,17.72,16.20,14.11,23.93,4.72,22.24,37.13,19.94,27.08,,,,,,,354.70,1266.59,16.71,47.37,8.76,6.28
MIMO,Airspan Networks Holdings Inc.,Information Technology,United States,NYSEAM,247.39,3.42,-9.76,-11.17,-65.80,,,,,,,3.10,3.41,4.22,5.19,5.99,88.83,83.85,-0.43,,2.50,3.33,-5.60,,,,288.36,27.85,32.50,,,,-7.29,5.26,5.05,,,,175.03,16.48,25.96,,,,,,,,,,-12.84,-69.24,,,,
MITO,Stealth BioTherapeutics Corp,Health Care,Cayman Islands,NasdaqGM,18.63,0.2355,-71.63,-72.24,-83.76,-98.13,,,-73.40,,,0.424,0.54,0.70,0.82,0.93,100.19,131.08,-48.17,,,,,,,,-4.87,0.51,-14.96,-5.63,,,,,,,,,-8.58,-14.43,-18.41,-2.96,,,,,,,,,336.70,61.96,-51.07,-26.41,,
MITQ,Moving iMage Technologies Inc.,Communication Services,United States,NYSEAM,14.62,1.35,-35.71,-29.32,-94.38,,,,,,,1.23,1.43,1.74,2.11,,123.23,120.12,-76.92,,-55.72,-40.99,-34.11,,,,141.77,519.97,38.93,,,,-61.03,-43.21,-31.79,,,,18.01,445.63,21.78,,,,,,,,,,41.43,513.13,194.95,,,
MLSS,Milestone Scientific Inc.,Health Care,United States,NYSEAM,82.12,1.20,-41.75,-42.58,-42.31,181.43,-20.00,144.90,41.10,-4.36,9.36,1.13,1.34,1.56,1.61,1.71,87.20,92.73,-1.09,,89.52,10.93,2.31,-0.34,-0.04,2.09,-1.00,35.83,4.53,2.52,37.60,19.68,74.30,5.06,12.51,0.02,-0.85,1.65,-7.07,-4.81,-2.83,2.77,21.93,16.49,,,,,,,1.37,249.98,144.24,15.47,1.89,29.24
MMX,Maverix Metals Inc.,Materials,Canada,NYSEAM,605.10,4.11,-5.21,1.05,-20.09,-4.91,85.36,,-1.66,13.11,,4.63,4.53,4.60,4.63,4.80,47.06,53.94,-2.18,1.22,11.32,30.64,28.83,98.73,,,4.77,121.68,53.38,84.14,,,3.01,27.18,22.41,98.38,,,1.49,77.19,123.98,29.63,,,,,,,,,9.04,24.03,19.88,33.98,,
MSN,Emerson Radio Corp.,Consumer Discretionary,United States,NYSEAM,14.30,0.68,-16.08,-17.11,-45.18,-35.26,-50.74,-47.42,-13.47,-13.18,-6.22,0.69,0.73,0.83,0.91,0.96,67.54,55.66,,,10.22,14.19,-2.97,-17.33,-27.28,-25.85,-18.29,-13.77,-1.94,-6.34,-4.49,-11.65,16.10,30.91,116.14,-16.92,-24.62,-21.07,-8.80,-8.25,14.16,72.56,9.73,-10.20,,,,,,,-13.36,-13.07,-12.77,-15.20,-11.41,-9.39
MTA,Metalla Royalty & Streaming Ltd.,Materials,Canada,NYSEAM,205.91,4.62,-33.33,-28.37,-44.27,53.04,190.60,132.26,15.21,23.74,8.76,6.22,6.40,6.67,6.87,7.34,55.14,62.13,-9.58,,32.28,,,,,,33.72,,,,,,32.28,,,,,,28.16,,,,,,,,,,,,35.18,,,,,
MTMT,Mega Matrix Corp.,Industrials,United States,NYSEAM,28.93,1.31,-89.03,-86.35,-42.12,-20.61,-48.67,-48.71,-7.39,-12.47,-6.45,2.03,4.17,5.43,5.37,4.80,133.97,106.02,-37.98,9.87,-60.70,-61.93,-40.91,-24.31,-18.14,-12.22,1639.89,-44.59,-13.18,4.49,9.21,26.15,-61.37,-62.24,-41.21,-22.74,-14.43,-6.77,-135.24,-5.46,22.59,64.88,4.03,26.22,,,,,,,-141.79,-43.74,-43.32,-29.58,-19.91,-15.72
MTNB,Matinas BioPharma Holdings Inc.,Health Care,United States,NYSEAM,183.21,0.84,-16.36,-10.72,13.79,-6.27,-47.20,,-2.13,-11.97,,0.74,0.79,0.87,0.86,0.85,85.49,89.31,-0.17,,-78.95,-39.08,-34.71,-4.03,,,2.18,14.34,19.09,24.54,13.08,141.66,2.46,14.26,29.71,29.81,15.91,,3.73,15.77,18.25,25.10,12.48,140.21,,,,,,,-12.70,35.83,116.73,184.83,56.47,218.05
MXC,Mexco Energy Corporation,Energy,United States,NYSEAM,35.59,16.56,76.55,75.05,72.68,301.94,262.68,179.26,58.86,29.34,10.80,17.12,14.64,13.83,12.83,12.14,125.57,149.38,-1.29,,135.36,55.10,34.84,22.62,9.96,7.35,1965.39,572.67,601.51,33.04,30.82,24.17,175.38,70.57,44.73,28.78,14.24,8.65,1730.97,435.73,504.17,32.67,35.47,24.08,,,,,,,38.55,20.89,13.19,7.03,-1.10,-0.59
MYO,Myomo Inc.,Health Care,United States,NYSEAM,11.97,1.74,-74.58,-75.60,-82.01,-91.77,-99.41,,-56.44,-64.10,,3.56,4.94,6.35,7.03,7.54,78.57,89.74,-49.11,,82.72,90.01,78.31,65.88,47.48,,-2.23,-2.47,-0.83,25.68,20.76,,106.95,106.56,81.81,65.88,46.81,,-10.30,-1.60,0.18,23.45,19.85,,,,,,,,33.23,190.60,33.85,-2.55,6.19,
NAVB,Navidea Biopharmaceuticals Inc.,Health Care,United States,NYSEAM,21.10,0.70,-30.30,-34.25,-61.28,20.19,-92.89,-99.20,6.31,-41.01,-38.28,0.83,0.91,1.07,1.19,1.29,75.26,89.26,0.06,,-41.91,-10.11,-23.11,-36.06,-17.56,-1.17,12.60,4.89,7.36,3.51,-8.58,-5.58,-41.85,-9.65,-20.87,-35.89,-17.55,-1.17,9.41,3.51,-10.04,-3.89,-14.71,7.65,,,,,,,-108.12,-33.17,-12.10,-58.00,-39.47,-27.10
NBH,Neuberger Berman Municipal Fund Inc.,,,NYSEAM,214.09,11.37,-23.78,-22.72,-26.18,-10.15,-4.44,15.63,-3.50,-0.90,1.46,12.31,13.22,13.86,14.34,14.64,17.42,18.38,,,,,,,,,,,,,,,,,,,,,,,,,,,,,,,,,,,,,,
NBO,Neuberger Berman New York Municipal Fund Inc.,,,NYSEAM,51.13,10.07,-20.84,-19.88,-22.38,-7.95,-3.02,-0.79,-2.72,-0.61,-0.08,10.69,11.31,11.69,12.01,12.19,12.23,14.31,,,,,,,,,,,,,,,,,,,,,,,,,,,,,,,,,,,,,,
NBW,Neuberger Berman California Municipal Fund Inc.,,,NYSEAM,64.78,11.67,-14.77,-14.42,-17.11,-2.60,2.20,12.24,-0.87,0.44,1.16,11.89,12.47,12.87,13.21,13.41,11.98,14.77,,,,,,,,,,,,,,,,,,,,,,,,,,,,,,,,,,,,,,
NBY,NovaBay Pharmaceuticals Inc.,Health Care,United States,NYSEAM,15.94,0.303,-19.54,-17.46,-50.96,-81.39,-92.11,-99.04,-42.85,-39.77,-37.11,0.254,0.296,0.359,0.413,0.459,67.81,63.60,-11.14,,-15.23,12.96,-12.36,-6.68,34.56,-2.65,37.91,-2.90,4.03,-4.20,-8.81,7.45,-5.35,7.76,-19.95,-9.76,38.83,17.68,-47.24,-22.35,-3.82,-15.03,-12.80,1.37,,,,,,,-101.92,-50.65,-63.70,-49.34,-25.43,-30.75
NEN,New England Realty Associates Limited Partnership,Real Estate,United States,NYSEAM,283.72,78.20,18.22,12.10,31.23,37.99,24.80,274.00,11.31,4.50,14.08,79.20,74.10,70.82,68.26,65.36,24.22,24.66,0.63,3.27,-0.31,-0.07,1.33,3.87,5.63,6.96,-9.61,-15.05,-6.18,-1.89,3.48,3.90,-5.93,-2.48,-0.04,3.25,5.42,7.14,-289.55,-35.78,-13.48,-11.42,14.84,-11.62,,,,,,,18.78,12.14,11.29,7.57,8.75,8.75
NEWP,New Pacific Metals Corp.,Materials,Canada,NYSEAM,399.61,2.53,-13.95,-1.56,-41.70,41.74,216.25,264.55,12.31,25.09,13.76,3.20,3.08,3.15,3.26,3.58,84.14,89.02,-0.40,,14.95,6.96,-16.56,54.15,,,-209.06,99.82,18.63,24.07,19.13,6.65,299.33,-17.38,-12.84,-19.94,,,-211.15,83.32,25.59,133.12,-20.77,-4.91,,,,,,,-3.09,13.00,14.88,39.16,28.54,8.37
NFGC,New Found Gold Corp.,Materials,Canada,NYSEAM,740.99,4.49,-37.20,-31.55,-48.98,,,,,,,5.91,6.04,6.22,6.40,6.84,68.32,63.23,-13.22,,,,,,,,46.87,274.84,174.41,,,,,,,,,,55.65,254.92,235.49,,,,,,,,,,68.25,269.94,404.50,,,
NHC,National HealthCare Corporation,Health Care,United States,NYSEAM,1073.41,69.38,3.75,0.67,1.40,-5.66,17.00,101.90,-1.92,3.18,7.27,69.32,68.47,68.90,69.79,70.19,24.98,25.46,-0.22,3.16,3.38,0.73,1.09,1.82,2.14,2.72,-61.25,-40.95,-32.48,-22.36,-17.54,-13.69,2.20,-1.41,-0.31,0.87,1.18,1.31,230.99,42.54,32.96,22.36,14.61,7.87,,,,,,,-5.97,-2.00,0.71,2.22,4.19,5.63
NHS,Neuberger Berman High Yield Strategies Fund Inc.,,,NYSEAM,122.63,8.36,-29.11,-27.54,-31.52,-6.84,9.80,35.96,-2.33,1.88,3.11,9.85,10.54,11.13,11.44,11.73,19.43,24.61,,,,,,,,,,,,,,,,,,,,,,,,,,,,,,,,,,,,,,
NHWK,NightHawk Biosciences Inc.,Health Care,United States,NYSEAM,71.82,2.80,-7.89,-9.68,-57.77,-38.46,-92.98,,-14.92,-41.17,,2.56,2.80,3.44,4.04,4.49,70.14,84.94,0.14,,-28.33,-16.76,-28.56,43.97,,27.39,34.55,31.50,24.30,20.63,15.56,32.34,67.24,29.49,16.97,13.20,17.99,73.55,34.63,32.36,30.63,22.77,16.85,32.49,,,,,,,-1.46,205.50,59.07,66.66,38.18,80.45
NILE,BitNile Holdings Inc.,Industrials,United States,NYSEAM,111.18,0.355,-70.17,-69.13,-84.57,-96.85,-99.93,-99.97,-68.36,-76.45,-54.87,0.52,0.75,1.10,1.38,1.59,112.93,142.50,-258.95,,119.51,53.08,24.50,47.15,28.57,16.65,197.66,-4.60,-1.70,71.26,64.88,31.55,200.00,450.84,74.41,60.19,36.18,20.25,-26.10,-14.28,-9.13,84.80,67.35,35.92,,,,,,,520.64,597.90,244.54,126.62,74.17,46.15
NML,Neuberger Berman MLP and Energy Income Fund Inc.,,,NYSEAM,345.05,6.09,18.41,13.43,30.16,-5.13,-10.37,,-1.74,-2.16,,6.32,6.00,5.82,5.61,5.49,29.62,34.92,,,,,,,,,,,,,,,,,,,,,,,,,,,,,,,,,,,,,,
NNVC,NanoViricides Inc.,Health Care,United States,NYSEAM,26.45,2.29,-38.47,-25.68,-44.03,-54.02,-91.94,-94.45,-22.78,-39.52,-25.08,1.92,2.36,2.96,3.19,3.31,112.90,106.86,-4.96,,,,,,,,9.35,0.49,-1.93,-0.26,0.13,3.12,,,,,,,-34.39,2.33,1.00,-3.83,-6.00,3.14,,,,,,,38.14,69.96,19.59,5.47,3.68,11.72
NRO,Neuberger Berman Real Estate Securities Income Fund Inc.,,,NYSEAM,194.04,4.09,-19.20,-17.63,-13.36,3.55,25.91,102.36,1.17,4.71,7.29,4.55,4.70,4.77,4.84,4.85,21.03,25.33,,,,,,,,,,,,,,,,,,,,,,,,,,,,,,,,,,,,,,
NTIP,Network-1 Technologies Inc.,Information Technology,United States,NYSEAM,57.32,2.40,-13.22,-13.38,-26.60,12.15,-23.71,127.80,3.89,-5.26,8.57,2.48,2.57,2.65,2.74,2.85,31.22,32.00,2.10,4.17,718.28,244.43,17.68,-11.16,16.58,17.15,-3154.29,329.31,22.88,-10.04,24.77,25.12,718.26,244.44,17.68,-9.85,16.81,19.13,-935.63,182.30,22.83,-9.27,34.80,5.33,,,,,,,23.52,6.64,1.49,2.62,14.09,7.96
OBE,Obsidian Energy Ltd.,Energy,Canada,NYSEAM,589.22,7.17,74.01,32.78,95.35,576.42,-6.88,-90.23,88.90,-1.41,-20.73,8.52,7.44,6.52,5.78,5.24,75.72,77.04,-3.29,,64.55,7.38,3.24,-5.19,-19.55,-17.32,1096.77,-21.51,22.36,-6.83,31.35,-0.48,113.25,16.16,10.42,1.31,-19.23,-17.37,-153.65,-27.53,10.72,-9.87,-18.50,-4.23,,,,,,,136.30,-16.41,-25.79,-19.42,-23.21,-19.93
OGEN,Oragenics Inc.,Health Care,United States,NYSEAM,41.45,0.356,-20.16,-32.00,-46.16,-25.94,-90.96,-98.55,-9.51,-38.12,-34.46,0.335,0.378,0.435,0.483,0.52,82.25,83.07,-0.88,,,,,,-28.82,-24.50,-40.80,-0.34,16.42,13.04,15.30,7.94,-52.51,,,,51.61,30.54,-40.56,0.47,16.59,17.51,15.33,7.42,,,,,,,146.43,49.11,17.25,51.70,12.67,11.29
OPTT,Ocean Power Technologies Inc.,Industrials,United States,NYSEAM,34.73,0.63,-57.43,-55.31,-72.96,-67.18,-97.67,-99.84,-30.98,-52.78,-47.53,1.07,1.18,1.40,1.53,1.67,85.66,96.70,-18.57,,-28.30,38.14,33.14,11.34,-3.06,-15.75,18.26,0.63,5.15,-0.47,-0.52,-4.49,921.90,26.46,62.08,96.10,91.30,9.43,42.58,9.79,13.27,2.37,4.33,-3.20,,,,,,,664.26,125.47,98.61,86.78,16.43,5.89
ORLA,Orla Mining Ltd.,Materials,Canada,NYSEAM,665.79,2.65,-30.65,-23.22,-31.19,231.75,174.22,,48.44,22.31,,4.12,4.00,3.92,3.88,3.94,65.93,69.90,-5.48,,,,,,,,-6.46,2.37,-2.85,71.87,110.02,62.83,,,,88.49,,,-5.11,8.87,3.59,63.00,117.93,75.65,,,,,,,14.84,21.39,9.56,11.35,149.22,69.67
OZ,Belpointe PREP LLC,Real Estate,United States,NYSEAM,328.92,94.46,-5.61,0.96,,,,,,,,96.62,96.49,,,,27.22,32.14,-64.82,,804.87,,,,,,3152.82,,,,,,-347.33,,,,,,2465.84,,,,,,,,,,,,-15121.21,,,,,
PCG,PG&E Corporation,Utilities,United States,NYSE,20411.20,10.27,-15.40,-15.89,1.08,-52.74,-84.15,-72.33,-22.07,-30.78,-12.04,11.56,11.78,11.66,11.18,11.05,36.75,38.83,,,11.77,9.78,7.19,3.16,2.73,3.27,11.60,43.90,14.23,7.11,3.72,4.70,2.96,15.10,5.87,3.98,3.14,3.70,-92.26,-88.46,-75.40,-40.72,-31.46,-19.05,,,,,,,-0.14,102.07,18.35,3.17,4.18,5.71
PED,PEDEVCO Corp.,Energy,United States,NYSEAM,101.70,1.19,12.26,2.59,-11.85,-35.33,91.94,,-13.50,13.90,,1.33,1.27,1.33,1.30,1.32,98.14,93.89,-6.28,,96.80,10.57,51.92,31.93,18.58,,-89.14,-41.61,-25.84,-11.96,-16.75,16.71,173.65,26.93,79.95,34.17,17.87,,-96.03,-65.79,-71.06,-41.90,-36.10,4.54,,,,,,,20.95,-6.88,75.34,115.77,82.28,58.99
PHGE,BiomX Inc.,Health Care,Israel,NYSEAM,22.63,0.76,-52.50,-51.59,-86.92,-92.24,,,-57.06,,,1.19,1.34,1.61,2.08,2.71,77.24,83.78,-88.48,,,,,,,,17.20,26.37,41.58,82.14,,,,,,,,,20.41,32.73,41.75,80.32,,,,,,,,,-15.46,-26.19,2.44,,,
PLYM,Plymouth Industrial REIT Inc.,Real Estate,United States,NYSE,728.54,17.94,-42.77,-36.59,-8.24,13.64,36.41,,4.35,6.40,,23.11,25.08,25.34,24.82,23.96,26.45,28.68,-25.93,4.79,27.26,36.25,41.61,47.69,74.48,218.92,75.51,63.88,98.24,43.22,6.59,141.24,28.54,38.47,42.61,45.85,108.49,205.90,8.65,20.01,-7.10,-16.51,-2.89,155.14,,,,,,,111.03,134.48,78.10,20.86,36.44,106.24
PRK,Park National Corporation,Financials,United States,NYSEAM,1972.18,121.37,-10.11,-13.76,11.87,39.04,41.87,166.30,11.59,7.23,10.28,124.44,128.30,128.93,126.35,125.83,26.61,25.59,0.97,3.58,6.92,10.16,9.70,7.59,,,,,,,,,,,,,,,20.34,22.43,11.72,12.31,,,6.78,7.06,10.09,8.40,6.89,4.11,8.30,8.75,9.81,7.09,6.08,5.18
PRTC,PureTech Health plc,Health Care,United States,NasdaqGM,634.62,22.30,-39.73,-44.29,-54.49,,,,,,,25.65,30.26,35.07,38.40,40.46,66.96,64.85,0.35,,47.76,33.15,-5.72,31.45,34.17,,25.73,5.35,13.05,15.24,36.02,,47.76,33.15,-32.55,-13.91,34.17,,-1111.83,-62.08,11.53,4.42,5.50,,,,,,,,-11.41,-5.78,29.56,27.75,63.46,
PTN,Palatin Technologies Inc.,Health Care,United States,NYSEAM,67.21,0.290,-43.32,-37.16,-50.65,-69.79,-32.56,-54.68,-32.85,-7.56,-7.60,0.375,0.409,0.417,0.432,0.455,98.17,69.70,-0.11,,-259.84,-94.41,-85.89,,,-18.59,29.62,-7.48,5.68,-9.08,9.95,8.40,-4.18,-45.98,-27.34,-20.99,2.99,4.07,49.81,-3.09,10.79,-8.26,13.40,10.12,,,,,,,-38.07,-29.73,22.57,23.07,26.11,10.56
PW,Power REIT,Real Estate,United States,NYSEAM,43.20,12.83,-81.38,-81.52,-67.88,129.64,62.43,66.31,31.86,10.17,5.21,30.91,42.16,45.16,44.41,43.85,71.46,74.75,0.24,,97.95,96.93,62.40,33.75,25.31,24.91,88.24,106.46,68.35,35.32,28.25,25.72,98.62,97.64,62.84,33.86,25.62,24.87,136.87,133.09,83.05,83.51,18.62,23.23,,,,,,,450.59,177.50,111.45,72.89,48.52,16.36
PZG,Paramount Gold Nevada Corp.,Materials,United States,NYSEAM,21.45,0.460,-34.10,-31.29,-52.66,-48.02,-67.35,,-19.56,-20.03,,0.60,0.63,0.68,0.72,0.77,59.45,69.98,-32.36,,,,,,,,-9.21,-4.16,-3.31,0.78,11.38,,-8.87,-5.88,1.32,6.30,6.44,,-8.19,-0.56,-0.91,2.02,2.30,,,,,,,,0.58,0.02,-1.26,6.91,17.23,
RCG,RENN Fund Inc.,,,NYSEAM,13.15,2.21,-16.67,-12.65,-3.64,43.95,79.38,39.64,12.89,12.38,3.39,2.26,2.36,2.47,2.44,2.46,45.01,47.42,,,,,,,,,,,,,,,,,,,,,,,,,,,,,,,,,,,,,,
RCOR,Renovacor Inc.,Health Care,United States,NYSEAM,33.37,1.99,-74.16,-74.78,-79.92,,,,,,,3.54,5.00,5.89,6.66,7.23,81.95,98.01,0.00,,,,,,,,457.68,239.67,,,,,,,,,,,336.56,200.53,,,,,,,,,,,910.65,483.71,,,,
REI,Ring Energy Inc.,Energy,United States,NYSEAM,272.38,2.54,11.40,-8.63,-8.63,-23.49,-80.34,-53.82,-8.52,-27.73,-7.43,3.81,3.39,3.39,3.20,3.10,73.26,70.79,-0.01,,73.64,0.16,17.82,44.86,26.39,82.26,-40.73,-44.02,-12.77,102.97,5.18,58.26,118.02,5.75,21.25,51.30,25.59,92.78,-101.31,-66.44,-28.26,-38.46,-12.44,46.80,,,,,,,1.99,-24.22,-13.38,0.68,11.25,53.62
REPX,Riley Exploration Permian Inc.,Energy,United States,NYSEAM,458.20,23.45,24.55,5.36,2.49,,,,,,,26.39,25.09,24.76,23.88,26.08,77.40,87.74,-10.72,5.16,96.32,24.02,31.34,107.40,,,-160.07,-36.15,139.52,44.11,,,131.08,27.00,29.77,98.06,,,-286.85,12.52,349.50,73.93,,,,,,,,,33.05,21.82,27.33,42.81,,
RHE,Regional Health Properties Inc.,Health Care,United States,NYSEAM,4.13,2.40,-46.72,-40.37,-78.29,37.31,,,11.13,,,3.11,3.51,4.43,5.25,6.58,111.46,110.90,1.28,,58.72,13.79,13.85,-0.86,34.47,-15.25,12.38,-31.30,48.20,-12.12,-27.38,8.80,3.38,-8.55,-1.48,-2.66,37.11,-0.72,71.80,-53.64,-53.68,-30.82,-29.46,-15.22,,,,,,,1.23,0.92,-3.08,4.42,41.49,33.68
RLGT,Radiant Logistics Inc.,Industrials,United States,NYSEAM,342.24,7.06,-3.16,1.73,6.97,21.51,28.36,283.70,6.70,5.11,14.37,6.55,6.64,6.76,6.68,6.78,43.25,48.04,2.24,,3.97,-0.08,1.81,2.59,14.29,15.87,53.54,13.61,35.54,24.13,19.96,18.08,9.07,-1.27,5.33,-2.38,7.58,10.22,117.65,18.47,31.08,45.49,23.90,23.18,,,,,,,237.20,182.54,155.72,24.54,52.95,29.79
RMED,Ra Medical Systems Inc.,Health Care,United States,NYSEAM,11.31,0.350,-77.56,-76.81,-91.68,-99.60,,,-84.01,,,0.359,0.67,1.23,1.62,2.09,110.23,133.06,-247.58,,-91.51,-94.47,-84.79,-67.40,,,-17.33,-28.80,-2.07,47.46,,,-19.60,-3.48,-9.15,-11.53,,,-30.45,-33.66,-6.66,42.94,,,,,,,,,-35.34,-35.78,-41.04,104.75,,
RVP,Retractable Technologies Inc.,Health Care,United States,NYSEAM,145.25,4.41,-36.36,-31.73,-58.44,524.82,267.50,328.16,83.98,29.68,15.63,4.28,4.95,6.11,7.25,7.79,57.53,60.08,5.37,,130.12,112.30,78.23,44.57,27.89,19.36,201.59,394.24,257.41,88.49,65.25,33.33,157.65,159.70,110.51,55.94,34.43,24.22,131.45,322.00,247.16,72.27,57.28,44.44,,,,,,,99.40,88.75,58.53,29.35,21.32,10.24
SACC,Sachem Capital Corp.,Real Estate,United States,NYSEAM,156.80,24.60,,,,,,,,,,,,,,,,,,6.99,,,,,,,,,,,,,,,,,,,,,,,,,,,,,,,,,,,,
SACH,Sachem Capital Corp.,Real Estate,United States,NYSEAM,156.80,4.28,-24.90,-29.26,-9.38,10.59,47.39,,3.40,8.05,,4.75,5.07,5.23,5.19,5.19,34.60,38.71,-44.69,11.21,53.21,40.16,26.11,40.69,44.16,,,,,,,,53.21,40.16,26.19,40.69,44.16,,48.09,46.61,19.67,34.28,37.01,,,,,,,,122.54,47.69,50.52,44.60,41.19,
SBEV,Splash Beverage Group Inc.,Consumer Staples,United States,NYSEAM,99.74,2.72,132.88,159.05,-20.23,,,,,,,2.54,2.52,2.37,2.45,2.83,172.02,222.04,-24.37,,391.97,2255.97,787.72,,,,64.67,154.59,110.98,,,,610.02,238.64,202.21,,,,1.31,137.84,96.58,,,,,,,,,,-119.76,-44.44,-27.30,,,
SCCB,Sachem Capital Corp.,Real Estate,United States,NYSEAM,156.80,24.81,,,,,,,,,,,,,,,,,,7.18,,,,,,,,,,,,,,,,,,,,,,,,,,,,,,,,,,,,
SCCC,Sachem Capital Corp.,Real Estate,United States,NYSEAM,156.80,,,,,,,,,,,,,,,,,,,,,,,,,,,,,,,,,,,,,,,,,,,,,,,,,,,,,,,
SCCD,Sachem Capital Corp.,Real Estate,United States,NYSEAM,156.80,,,,,,,,,,,,,,,,,,,,,,,,,,,,,,,,,,,,,,,,,,,,,,,,,,,,,,,
SCCF,Sachem Capital Corp.,Real Estate,United States,NYSEAM,156.80,,,,,,,,,,,,,,,,,,,,,,,,,,,,,,,,,,,,,,,,,,,,,,,,,,,,,,,
SDPI,Superior Drilling Products Inc.,Energy,United States,NYSEAM,25.10,0.89,21.70,7.12,4.20,-9.31,43.35,,-3.20,7.46,,1.04,0.95,1.01,0.96,0.94,112.85,96.03,-6.76,,27.37,-16.21,-9.92,13.27,-5.65,6.93,-84.65,-19.34,25.03,-39.06,-17.61,-14.23,43.84,-15.52,-11.59,20.14,-7.20,5.66,-84.55,-24.78,108.59,-43.41,-2.25,-13.34,,,,,,,73.66,7.49,16.65,1.87,-5.51,10.78
SEB,Seaboard Corporation,Consumer Staples,United States,NYSEAM,4352.93,3750.01,-4.59,-4.95,-10.29,-8.93,-2.83,76.39,-3.06,-0.57,5.83,3971.59,3935.11,3960.84,3975.63,3945.36,27.32,28.74,,0.24,29.51,16.16,11.92,11.40,5.20,4.85,96.48,110.14,25.06,13.38,0.73,2.17,42.51,35.43,14.15,10.48,2.72,3.49,101.41,40.93,474.89,12.81,6.49,5.12,,,,,,,17.02,11.76,10.94,6.01,6.48,7.62
SENS,Senseonics Holdings Inc.,Health Care,United States,NYSEAM,579.07,1.25,-53.18,-53.70,-62.80,-28.16,-34.21,,-10.42,-8.02,,1.46,1.90,2.29,2.51,2.56,81.40,98.13,-9.41,,176.32,-19.88,-10.25,110.36,,,-27.74,-33.85,-13.25,6.15,17.31,,-95.33,-79.58,-53.65,19.85,,,72.68,61.79,47.65,47.09,48.62,,,,,,,,28.77,363.16,37.57,107.04,57.62,
SIF,SIFCO Industries Inc.,Industrials,United States,NYSEAM,19.45,3.22,-50.46,-52.59,-69.27,11.77,-51.94,-85.56,3.77,-13.61,-17.57,4.62,5.33,6.05,6.74,7.38,63.35,75.25,,,-12.31,-5.89,-3.61,-3.52,-2.59,-0.75,-299.70,-36.84,-14.44,-11.98,-10.37,-9.87,-39.98,23.01,1.62,-3.00,-11.70,-8.80,-108.08,-68.54,-53.03,-42.02,-23.89,-20.59,,,,,,,12.74,24.40,18.65,3.84,-3.36,0.89
SILV,SilverCrest Metals Inc.,Materials,Canada,NYSEAM,823.38,5.67,-28.32,-19.46,-30.68,46.51,326.32,,13.55,33.58,,7.97,7.88,7.95,7.94,8.15,56.00,65.05,-0.36,,,,,,,,-66.28,-35.78,3.13,72.12,,,,,,,,,-62.02,-28.61,13.27,75.27,,,,,,,,,80.05,68.63,85.08,80.76,,
SKYH,Sky Harbour Group Corporation,Industrials,United States,NYSEAM,338.05,5.64,-44.54,-44.65,-43.82,,,,,,,11.49,10.66,10.53,10.44,10.37,129.71,184.89,-72.04,,130.15,,,,,,470.04,,,,,,114.94,,,,,,436.71,,,,,,,,,,,,-360.13,,,,,
SLI,Standard Lithium Ltd.,Materials,Canada,NYSEAM,728.94,4.39,-55.25,-49.25,-6.61,555.22,527.14,,86.91,44.28,,5.99,6.62,7.44,7.24,6.63,110.59,100.63,-14.48,,,,,,,,198.75,75.70,8.11,,,,4525.34,484.26,346.96,,,,166.96,72.19,7.47,,,,,,,,,,59.79,38.29,32.19,,,
SMTS,Sierra Metals Inc.,Materials,Canada,NYSEAM,129.08,0.79,-41.66,-38.97,-72.52,-36.18,-69.38,-67.33,-13.88,-21.04,-10.56,1.09,1.16,1.34,1.56,1.85,71.31,65.92,,3.78,10.18,8.98,5.39,13.70,6.71,13.08,-62.68,-18.24,-30.87,23.22,-0.44,11.95,0.46,14.92,2.31,15.04,3.15,10.04,-216.84,148.50,13.30,17.41,16.67,10.00,,,,,,,-15.80,-2.15,-0.80,1.10,-2.70,-0.33
SNMP,Evolve Transition Infrastructure LP,Energy,United States,NYSEAM,60.82,0.420,-28.62,-24.96,-51.07,-81.15,-95.12,-95.31,-42.61,-45.28,-26.32,0.53,0.53,0.67,0.77,0.78,128.31,138.29,-28.04,,13.26,-17.71,-14.55,-5.83,-5.06,-9.63,-246.03,-25.62,2.31,-15.63,-0.68,-9.40,21.90,-14.36,-12.16,0.59,-2.57,-9.10,30.13,73.83,114.35,51.71,48.94,22.94,,,,,,,20.37,37.73,15.43,15.23,18.16,5.20
SSY,SunLink Health Systems Inc.,Health Care,United States,NYSEAM,6.79,0.98,-36.58,-36.99,-61.24,-36.99,-41.16,-12.01,-14.24,-10.05,-1.27,1.22,1.34,1.61,1.80,2.00,61.10,63.87,0.21,,-14.91,-5.56,-3.45,-8.32,-8.10,-10.18,-668.69,-7.46,18.94,-19.87,8.72,-8.55,53.58,44.60,18.72,9.16,-4.90,-8.68,-704.39,98.20,62.93,-13.32,43.68,-8.14,,,,,,,56.80,19.60,7.61,3.70,-5.86,-0.76
STXS,Stereotaxis Inc.,Health Care,United States,NYSEAM,152.26,2.04,-67.10,-66.88,-77.78,-27.14,245.76,14.41,-10.00,28.11,1.35,2.87,3.82,4.35,4.97,5.51,74.57,79.50,-0.21,,31.51,10.08,6.07,1.72,0.00,-1.80,91.97,63.41,76.01,14.93,13.28,-8.68,22.49,1.02,-0.56,-1.17,-2.01,-2.36,61.22,52.77,351.07,15.18,10.87,-10.37,,,,,,,-2.26,21.92,195.51,9.06,13.52,4.83
SVM,Silvercorp Metals Inc.,Materials,Canada,NYSEAM,418.66,2.39,-36.17,-29.83,-54.07,1.23,-11.10,-53.02,0.41,-2.32,-7.27,3.24,3.35,3.55,3.74,4.10,49.44,56.59,-0.46,1.05,13.44,17.14,8.52,5.92,7.84,-0.88,-7.76,20.01,0.42,0.11,0.40,-7.24,2.12,15.61,6.06,3.22,12.97,-3.14,-33.94,-5.46,-8.30,-6.85,-15.92,-8.42,,,,,,,9.59,17.89,13.83,14.26,11.52,1.68
SVT,Servotronics Inc.,Industrials,United States,NYSEAM,26.30,10.77,-15.06,-20.48,25.38,9.90,19.55,49.37,3.19,3.63,4.09,12.57,12.68,12.30,11.50,11.00,50.28,41.10,,,-18.63,-14.34,-5.37,1.00,3.61,2.12,-1519.42,2.92,-7.51,6.29,21.30,-3.07,-27.33,-29.73,-20.87,-9.79,-2.45,-5.02,3955.00,28.73,5.05,18.26,3.79,4.44,,,,,,,4.83,2.70,3.92,5.46,7.82,4.29
SYN,Synthetic Biologics Inc.,Health Care,United States,NYSEAM,37.63,0.2375,-12.75,-14.54,-55.65,-59.07,-98.72,-99.62,-25.71,-58.09,-42.71,0.2463,0.259,0.297,0.336,0.374,79.75,99.18,,,,,,,,,40.49,-4.54,-6.69,-18.32,-5.04,9.19,,,,,,,42.06,-3.44,2.20,-12.14,-4.56,5.76,,,,,,,-1002.93,371.67,79.51,76.26,31.62,24.94
TELL,Tellurian Inc.,Energy,United States,NYSEAM,1767.17,3.11,0.97,3.67,-28.18,-57.74,-67.64,,-24.92,-20.17,,4.30,3.84,3.82,3.70,3.70,92.54,101.16,-28.64,,90.40,57.39,90.65,370.24,74.27,,42.31,-12.09,-2.92,3.62,109.76,,110.81,-36.38,-27.25,-20.11,41.81,,-45.54,-13.05,-3.01,3.35,110.29,,,,,,,,283.60,58.62,11.98,137.00,151.73,
TELZ,Tellurian Inc.,Energy,United States,NYSEAM,1767.17,,,,,,,,,,,,,,,,,,,,,,,,,,,,,,,,,,,,,,,,,,,,,,,,,,,,,,,
TKAT,Takung Art Co. Ltd.,Communication Services,Hong Kong,NYSEAM,44.05,1.79,-55.80,-46.88,-84.91,159.42,-61.09,,37.33,-17.18,,2.22,2.66,3.60,4.43,6.78,144.33,134.74,-11.76,,,-80.55,-75.83,-63.74,-40.82,,1606.86,91.87,28.71,9.75,34.60,,,-69.75,-72.73,-63.30,-40.00,,4808.85,171.07,57.95,36.40,55.47,,,,,,,,-52.25,-34.25,-35.71,-30.89,4.59,
TMBR,Timber Pharmaceuticals Inc.,Health Care,United States,NYSEAM,18.35,0.288,-24.24,-24.89,-73.83,,,,,,,0.302,0.324,0.411,0.52,0.64,77.19,81.38,-86.04,,95.35,65.25,,,,,-43.08,70.94,,,,,-64.08,31.19,,,,,-29.62,70.85,,,,,,,,,,,74.38,110.28,,,,
TMP,Tompkins Financial Corporation,Financials,United States,NYSEAM,1052.25,72.45,-12.02,-14.79,0.51,-2.53,3.17,154.50,-0.85,0.63,9.78,75.62,77.62,78.75,78.50,78.79,25.65,24.09,2.82,3.11,8.11,3.48,2.23,4.46,,,,,,,,,,,,,,,15.05,4.52,2.74,8.51,,,1.57,4.85,5.49,5.82,5.85,9.32,2.02,5.91,6.72,7.30,7.47,9.72
TPHS,Trinity Place Holdings Inc.,Real Estate,United States,NYSEAM,40.54,1.10,-40.22,-36.78,-48.62,-71.31,-83.87,-84.76,-34.00,-30.54,-17.13,1.49,1.60,1.70,1.80,1.82,58.23,63.20,-18.85,,-8658.41,188.32,108.20,72.87,,,-25.55,3.88,18.55,12.55,,,-42.10,43.31,86.66,56.44,,,-353.68,174.96,27.82,17.24,,,,,,,,,-11.82,8.35,2.00,13.42,,
TRT,Trio-Tech International,Information Technology,United States,NYSEAM,17.49,4.34,-67.68,-56.38,-15.23,50.17,-11.43,189.33,14.49,-2.39,11.18,5.68,6.72,6.46,6.08,5.94,89.24,68.84,-2.45,,-5.81,-9.00,-8.49,-1.18,-1.57,-0.90,-91.47,-69.85,-67.72,-45.26,36.60,-18.53,5.56,-7.69,-10.33,-2.64,-1.12,-0.94,-167.31,-38.15,-20.67,-5.37,39.67,-1.51,,,,,,,6.96,4.07,5.26,5.89,4.29,1.54
UAMY,United States Antimony Corporation,Materials,United States,NYSEAM,42.51,0.400,-19.63,-20.27,-53.48,-31.02,10.37,-89.74,-11.62,1.99,-20.34,0.460,0.470,0.56,0.63,0.68,75.32,83.67,-0.06,,47.98,-3.20,-4.99,-8.21,-4.60,-5.13,-80.38,-60.49,-29.23,-8.96,-13.28,-4.11,307.69,1.36,716.08,9.34,13.80,-6.68,-98.16,-87.17,-58.94,-45.94,-37.35,-20.98,,,,,,,351.74,95.75,41.57,23.37,13.95,16.98
UAVS,AgEagle Aerial Systems Inc.,Industrials,United States,NYSEAM,57.34,0.70,-55.43,-53.66,-84.85,129.41,,,31.82,,,0.91,1.10,1.51,1.94,2.46,94.61,111.22,-62.03,,659.38,473.59,349.03,92.08,40.91,,252.09,170.78,103.24,60.18,90.05,,641.85,570.66,351.86,161.09,42.37,,510.42,245.47,143.72,75.42,105.72,,,,,,,,-108.14,69.62,-10.16,15.66,42.48,
UFAB,Unique Fabricating Inc.,Consumer Discretionary,United States,NYSEAM,14.31,1.22,-37.76,-40.20,-64.43,-55.64,-84.97,,-23.69,-31.50,,1.65,1.76,2.06,2.19,2.44,71.45,67.31,-28.25,,4.54,-9.22,-10.44,-5.92,-0.09,,21.48,10.87,-15.18,-15.04,-8.34,,-19.12,-27.16,-24.81,-15.95,-8.79,,21.94,-12.37,23.47,0.82,6.55,,,,,,,,116.20,25.18,26.33,28.39,-7.38,
USAS,Americas Gold and Silver Corporation,Materials,Canada,NYSEAM,119.49,0.65,-19.68,-19.82,-57.39,-72.15,-75.09,-91.21,-34.64,-24.24,-21.56,0.90,0.87,0.87,0.93,1.07,64.68,70.94,-38.01,,60.69,-12.42,-13.13,-5.31,5.17,-0.74,164.67,83.40,139.32,96.11,4.08,15.07,464.08,548.44,51.24,34.94,38.59,6.07,526.86,119.74,145.33,97.80,10.44,31.84,,,,,,,-45.15,-14.10,3.40,1.32,1.25,-1.81
UTG,Reaves Utility Income Fund,,,NYSEAM,2115.82,31.24,-8.45,-6.34,-4.01,5.29,24.60,132.17,1.73,4.49,8.78,32.82,33.15,33.22,33.68,33.87,15.14,18.96,,,,,,,,,,,,,,,,,,,,,,,,,,,,,,,,,,,,,,
UUU,Universal Security Instruments Inc.,Information Technology,United States,NYSEAM,7.35,3.18,-6.47,6.71,-64.67,153.06,13.57,-35.23,36.20,2.57,-4.25,3.50,3.40,3.76,4.20,4.66,95.06,111.85,,,18.36,-0.19,5.61,4.98,4.85,2.83,-108.57,-15.39,-43.10,-37.17,-32.06,-19.89,50.04,0.77,7.47,8.33,10.29,4.13,-104.62,-55.38,-50.87,-33.97,-33.05,-10.54,,,,,,,6.20,-34.29,-28.34,-22.73,-20.02,-16.06
UUUU,Energy Fuels Inc.,Energy,United States,NYSEAM,856.27,5.44,-28.70,-34.85,1.87,76.05,244.30,-44.77,20.71,28.00,-5.75,7.44,7.41,7.67,7.26,7.08,84.00,86.97,-10.89,,92.04,-26.32,-53.53,-43.35,-31.77,,43.85,-6.57,18.46,-1.79,28.25,,9685.71,-66.81,-52.00,-36.94,-29.82,,-105.55,-79.86,-60.63,-47.71,-43.76,,,,,,,,89.56,51.57,27.38,17.84,17.04,
VFL,Delaware Investments National Municipal Income Fund,,,NYSEAM,242.89,11.59,-16.09,-15.97,-15.04,0.91,10.25,39.69,0.30,1.97,3.39,12.09,12.65,12.97,13.24,13.35,14.68,19.75,,,,,,,,,,,,,,,,,,,,,,,,,,,,,,,,,,,,,,
VGZ,Vista Gold Corp.,Materials,United States,NYSEAM,69.64,0.59,-16.84,-12.48,-37.96,-20.27,-29.34,-79.15,-7.26,-6.70,-14.49,0.86,0.81,0.79,0.80,0.86,49.85,56.40,-17.58,,,,,,,,42.60,21.50,6.58,8.70,3.70,-8.36,,,,,,,-3727.86,27.41,20.47,37.21,-3.05,-11.47,,,,,,,-9.82,6.32,-12.39,-18.81,-7.82,-20.47
VHAQ,Viveon Health Acquisition Corp.,Financials,United States,NYSEAM,103.36,10.27,2.50,2.29,3.42,,,,,,,10.15,10.10,10.07,10.04,10.02,2.81,2.31,-319.87,,,,,,,,279.77,,,,,,,,,,,,-146.34,,,,,,,,,,,,-16.80,,,,,
VINE,Fresh Vine Wine Inc.,Consumer Staples,United States,NYSEAM,27.24,2.17,-57.45,-52.31,,,,,,,,3.23,,,,,126.20,130.04,-78.06,,683.24,,,,,,671.83,289.87,,,,,1253.18,,,,,,671.91,292.11,,,,,,,,,,,-1263.44,533.54,,,,
VKI,Invesco Advantage Municipal Income Trust II,,,NYSEAM,414.17,9.33,-21.26,-19.95,-21.02,-1.73,5.40,27.05,-0.58,1.06,2.42,9.83,10.46,10.90,11.21,11.38,15.75,19.75,,,,,,,,,,,,,,,,,,,,,,,,,,,,,,,,,,,,,,
VZLA,Vizsla Silver Corp.,Materials,Canada,NYSEAM,147.66,1.00,-58.00,-52.84,-46.38,,,,,,,1.65,1.82,1.91,1.91,1.92,70.78,78.18,-39.80,6.59,,,,,,,170.08,236.28,506.31,,,,,,,,,,163.83,253.20,426.11,,,,,,,,,,302.08,398.23,431.35,,,
WBEV,Winc Inc.,Consumer Staples,United States,NYSEAM,17.87,1.37,-73.90,-81.73,,,,,,,,2.88,4.03,,,,144.67,148.39,-99.46,,11.38,40.62,21.05,15.92,,,161.96,53.90,192.97,14.58,,,14.30,39.82,21.07,25.71,,,110.52,34.90,132.92,10.97,,,,,,,,,-121.59,-50.21,104.07,56.71,,
WLMS,Williams Industrial Services Group Inc.,Industrials,United States,NYSEAM,35.42,1.35,-54.85,-59.46,-76.40,-41.31,-60.30,-93.41,-16.25,-16.84,-23.78,1.60,2.01,2.57,3.01,3.41,75.41,89.94,0.03,,13.34,11.39,17.30,5.71,-7.82,-3.96,-27.91,12.55,17.17,-17.47,8.91,-12.64,-7.61,0.85,3.02,0.12,-11.40,-8.59,78.35,12.02,-52.40,-42.49,-33.41,-28.34,,,,,,,-28.50,-33.32,-27.22,-21.84,-22.12,-23.75
WTT,Wireless Telecom Group Inc.,Information Technology,United States,NYSEAM,28.94,1.26,-42.73,-40.28,-59.87,-20.25,-18.18,6.78,-7.25,-3.93,0.66,1.58,1.70,1.79,1.93,1.97,57.16,43.10,-2.52,,17.96,0.33,-2.29,9.47,2.89,6.26,-121.85,-41.91,-28.36,-27.83,-27.37,-13.76,19.65,6.09,1.25,13.77,4.02,6.95,-118.55,90.35,249.95,-3.92,-6.63,-4.71,,,,,,,48.40,-18.66,-10.76,-14.96,-11.71,-8.23
WWR,Westwater Resources Inc.,Industrials,United States,NYSEAM,53.33,1.13,-47.44,-50.66,-73.84,-80.18,-98.42,-99.97,-41.63,-56.31,-55.43,1.49,1.75,2.15,2.49,2.81,64.97,72.27,-51.50,,,,,,,,63.98,80.60,-23.18,3.81,2.43,3.61,223.53,-35.93,-68.22,-47.52,-39.00,-14.59,-31.52,23.61,-23.23,-3.81,6.07,3.85,,,,,,,119.59,171.95,82.41,24.00,22.13,21.38
WYY,WidePoint Corporation,Information Technology,United States,NYSEAM,21.01,2.45,-37.66,-37.66,-60.99,-41.28,-45.02,-59.84,-16.23,-11.26,-8.71,3.35,3.55,3.94,4.32,4.81,51.65,47.66,9.03,,-51.57,-7.34,1.44,2.18,7.31,7.76,-81.14,-17.15,47.23,-31.95,-24.64,10.44,-19.98,-2.95,2.34,3.16,2.77,5.88,-96.70,22.78,-38.36,-39.28,-36.73,3.29,,,,,,,-32.56,84.30,69.20,19.76,1.27,102.46
XPL,Solitario Zinc Corp.,Materials,United States,NYSEAM,35.62,0.55,10.00,12.22,-9.42,69.20,-16.68,-60.44,19.12,-3.58,-8.84,0.70,0.63,0.61,0.60,0.61,58.43,67.19,-10.67,,,,,,,,47.45,-17.20,-12.12,-4.75,-1.78,-13.03,,,,,,,152.08,-15.17,-13.03,6.72,3.72,-3.49,,,,,,,-1.36,-1.98,-5.06,5.80,18.13,3.87
XTNT,Xtant Medical Holdings Inc.,Health Care,United States,NYSEAM,42.97,0.492,-12.13,-14.95,-73.40,-81.15,-93.39,-99.69,-42.60,-41.86,-43.86,0.62,0.63,0.74,0.84,0.97,68.54,66.38,0.47,,3.61,-7.57,-8.53,-9.29,6.60,6.25,306.66,16.43,-25.53,-13.05,-7.70,-7.20,-5.53,-12.58,-9.26,-12.21,5.53,4.44,-30.96,-23.20,-58.95,-24.29,-10.46,4.90,,,,,,,151.36,-24.56,-16.91,-20.25,18.26,20.82
YCBD,cbdMD Inc.,Health Care,United States,NYSEAM,22.18,0.370,-65.74,-65.09,-86.88,-92.61,,,-57.98,,,0.71,0.84,1.08,1.32,1.62,107.34,123.13,0.03,,6.20,37.14,359.29,,,,11.57,16.88,121.83,,,,13.72,43.73,338.73,,,,-285.64,-31.89,284.34,,,,,,,,,,715.64,-22.14,24.37,,,
ZDGE,Zedge Inc.,Communication Services,United States,NYSEAM,42.98,2.86,-66.35,-67.97,-84.49,66.28,33.02,,18.43,5.86,,5.25,6.29,7.72,9.32,10.24,68.27,78.26,-5.76,,106.64,48.99,21.79,11.98,16.98,,-2036.23,64.40,103.42,39.94,125.89,,122.05,57.19,25.41,13.36,18.44,,-1575.49,57.05,74.10,53.02,77.94,,,,,,,,361.85,156.54,59.85,30.27,44.84,
ZOM,Zomedica Corp.,Health Care,United States,NYSEAM,254.68,0.260,-15.20,-18.81,-63.39,3.79,-85.41,,1.25,-31.89,,0.281,0.297,0.347,0.393,0.467,84.73,89.27,-0.74,,,,,,,,27.49,3.94,8.84,30.14,,,,,,,,,8.70,-3.61,3.36,26.21,,,,,,,,,282.77,331.79,276.24,119.41,,